# Comment lines: any disclaimers or special considerations,,
# Comment lines: you can have any number of comment lines,,
buildingID,zip,country
RR103,37033,us
# Comment lines: you can include more comment lines here,,
time.LOCAL,dboat.F,
7/1/12 0:00,101.5289191,
7/1/12 0:15,100.5288993,
7/1/12 0:30,99.52887958,
7/1/12 0:45,98.52885983,
7/1/12 1:00,97.76568426,
7/1/12 1:15,97.26567438,
7/1/12 1:30,96.76566451,
7/1/12 1:45,96.26565463,
7/1/12 2:00,95.88030339,
7/1/12 2:15,95.6303182,
7/1/12 2:30,95.38033302,
7/1/12 2:45,95.13034783,
7/1/12 3:00,94.64587942,
7/1/12 3:15,93.89586461,
7/1/12 3:30,93.14584979,
7/1/12 3:45,92.39583498,
7/1/12 4:00,91.88531131,
7/1/12 4:15,91.63530638,
7/1/12 4:30,91.38530144,
7/1/12 4:45,91.1352965,
7/1/12 5:00,90.88529156,
7/1/12 5:15,90.63528662,
7/1/12 5:30,90.38528168,
7/1/12 5:45,90.13527675,
7/1/12 6:00,89.76092281,
7/1/12 6:15,89.26095244,
7/1/12 6:30,88.76098207,
7/1/12 6:45,88.26101169,
7/1/12 7:00,87.88398783,
7/1/12 7:15,87.63398289,
7/1/12 7:30,87.38397796,
7/1/12 7:45,87.13397302,
7/1/12 8:00,86.7590866,
7/1/12 8:15,86.25907672,
7/1/12 8:30,85.75906685,
7/1/12 8:45,85.25905697,
7/1/12 9:00,84.76916087,
7/1/12 9:15,84.269151,
7/1/12 9:30,83.76914112,
7/1/12 9:45,83.26913124,
7/1/12 10:00,83.1196176,
7/1/12 10:15,83.36960279,
7/1/12 10:30,83.61958798,
7/1/12 10:45,83.86957316,
7/1/12 11:00,84.11609118,
7/1/12 11:15,84.36609612,
7/1/12 11:30,84.61610106,
7/1/12 11:45,84.866106,
7/1/12 12:00,85.34580436,
7/1/12 12:15,86.09581918,
7/1/12 12:30,86.84583399,
7/1/12 12:45,87.59584881,
7/1/12 13:00,88.3559774,
7/1/12 13:15,89.10599222,
7/1/12 13:30,89.85600703,
7/1/12 13:45,90.60602185,
7/1/12 14:00,91.34881884,
7/1/12 14:15,92.09877439,
7/1/12 14:30,92.84872995,
7/1/12 14:45,93.59868551,
7/1/12 15:00,94.34598214,
7/1/12 15:15,95.09599696,
7/1/12 15:30,95.84601177,
7/1/12 15:45,96.59602659,
7/1/12 16:00,97.23111568,
7/1/12 16:15,97.73112555,
7/1/12 16:30,98.23113543,
7/1/12 16:45,98.73114531,
7/1/12 17:00,99.24126896,
7/1/12 17:15,99.74127884,
7/1/12 17:30,100.2412887,
7/1/12 17:45,100.7412986,
7/1/12 18:00,101.1208817,
7/1/12 18:15,101.3708669,
7/1/12 18:30,101.6208521,
7/1/12 18:45,101.8708373,
7/1/12 19:00,102.22997,
7/1/12 19:15,102.7299799,
7/1/12 19:30,103.2299897,
7/1/12 19:45,103.7299996,
7/1/12 20:00,104,
7/1/12 20:15,104,
7/1/12 20:30,104,
7/1/12 20:45,104,
7/1/12 21:00,103.7724795,
7/1/12 21:15,103.2724696,
7/1/12 21:30,102.7724597,
7/1/12 21:45,102.2724498,
7/1/12 22:00,101.8819626,
7/1/12 22:15,101.6319774,
7/1/12 22:30,101.3819922,
7/1/12 22:45,101.132007,
7/1/12 23:00,100.8899929,
7/1/12 23:15,100.639988,
7/1/12 23:30,100.389983,
7/1/12 23:45,100.1399781,
7/2/12 0:00,99.7647756,
7/2/12 0:15,99.26476572,
7/2/12 0:30,98.76475585,
7/2/12 0:45,98.26474597,
7/2/12 1:00,97.66101059,
7/2/12 1:15,96.91099577,
7/2/12 1:30,96.16098096,
7/2/12 1:45,95.41096614,
7/2/12 2:00,94.76605831,
7/2/12 2:15,94.26608794,
7/2/12 2:30,93.76611756,
7/2/12 2:45,93.26614719,
7/2/12 3:00,92.77350664,
7/2/12 3:15,92.27349676,
7/2/12 3:30,91.77348688,
7/2/12 3:45,91.27347701,
7/2/12 4:00,90.76335335,
7/2/12 4:15,90.26334347,
7/2/12 4:30,89.7633336,
7/2/12 4:45,89.26332372,
7/2/12 5:00,88.88228903,
7/2/12 5:15,88.63228409,
7/2/12 5:30,88.38227916,
7/2/12 5:45,88.13227422,
7/2/12 6:00,87.64999605,
7/2/12 6:15,86.90004049,
7/2/12 6:30,86.15008493,
7/2/12 6:45,85.40012938,
7/2/12 7:00,84.54037611,
7/2/12 7:15,83.54035635,
7/2/12 7:30,82.5403366,
7/2/12 7:45,81.54031685,
7/2/12 8:00,81.11650601,
7/2/12 8:15,81.36651094,
7/2/12 8:30,81.61651588,
7/2/12 8:45,81.86652082,
7/2/12 9:00,81.76947693,
7/2/12 9:15,81.26946705,
7/2/12 9:30,80.76945717,
7/2/12 9:45,80.2694473,
7/2/12 10:00,79.6453346,
7/2/12 10:15,78.89537904,
7/2/12 10:30,78.14542348,
7/2/12 10:45,77.39546792,
7/2/12 11:00,77.58914744,
7/2/12 11:15,78.83917213,
7/2/12 11:30,80.08919682,
7/2/12 11:45,81.33922152,
7/2/12 12:00,82.11279235,
7/2/12 12:15,82.36279729,
7/2/12 12:30,82.61280223,
7/2/12 12:45,82.86280717,
7/2/12 13:00,83.2420591,
7/2/12 13:15,83.74206898,
7/2/12 13:30,84.24207886,
7/2/12 13:45,84.74208873,
7/2/12 14:00,85.35324326,
7/2/12 14:15,86.10319882,
7/2/12 14:30,86.85315438,
7/2/12 14:45,87.60310994,
7/2/12 15:00,88.5832214,
7/2/12 15:15,89.83324609,
7/2/12 15:30,91.08327078,
7/2/12 15:45,92.33329547,
7/2/12 16:00,93.11160714,
7/2/12 16:15,93.36161208,
7/2/12 16:30,93.61161702,
7/2/12 16:45,93.86162196,
7/2/12 17:00,94.35005136,
7/2/12 17:15,95.10006617,
7/2/12 17:30,95.85008099,
7/2/12 17:45,96.6000958,
7/2/12 18:00,96.76779648,
7/2/12 18:15,96.2678261,
7/2/12 18:30,95.76785573,
7/2/12 18:45,95.26788536,
7/2/12 19:00,93.83150285,
7/2/12 19:15,91.33145346,
7/2/12 19:30,88.83140408,
7/2/12 19:45,86.33135469,
7/2/12 20:00,84.76524968,
7/2/12 20:15,84.26523981,
7/2/12 20:30,83.76522993,
7/2/12 20:45,83.26522005,
7/2/12 21:00,82.65097582,
7/2/12 21:15,81.90096101,
7/2/12 21:30,81.15094619,
7/2/12 21:45,80.40093138,
7/2/12 22:00,80.34779174,
7/2/12 22:15,81.09774729,
7/2/12 22:30,81.84770285,
7/2/12 22:45,82.59765841,
7/2/12 23:00,82.88699036,
7/2/12 23:15,82.63698542,
7/2/12 23:30,82.38698048,
7/2/12 23:45,82.13697555,
7/3/12 0:00,81.88191372,
7/3/12 0:15,81.63190878,
7/3/12 0:30,81.38190384,
7/3/12 0:45,81.1318989,
7/3/12 1:00,81,
7/3/12 1:15,81,
7/3/12 1:30,81,
7/3/12 1:45,81,
7/3/12 2:00,81,
7/3/12 2:15,81,
7/3/12 2:30,81,
7/3/12 2:45,81,
7/3/12 3:00,80.65062026,
7/3/12 3:15,79.90060544,
7/3/12 3:30,79.15059063,
7/3/12 3:45,78.40057581,
7/3/12 4:00,78.1181653,
7/3/12 4:15,78.36817024,
7/3/12 4:30,78.61817517,
7/3/12 4:45,78.86818011,
7/3/12 5:00,79,
7/3/12 5:15,79,
7/3/12 5:30,79,
7/3/12 5:45,79,
7/3/12 6:00,78.76621632,
7/3/12 6:15,78.26624595,
7/3/12 6:30,77.76627558,
7/3/12 6:45,77.26630521,
7/3/12 7:00,76.76734355,
7/3/12 7:15,76.26733368,
7/3/12 7:30,75.7673238,
7/3/12 7:45,75.26731392,
7/3/12 8:00,75,
7/3/12 8:15,75,
7/3/12 8:30,75,
7/3/12 8:45,75,
7/3/12 9:00,74.76979298,
7/3/12 9:15,74.26978311,
7/3/12 9:30,73.76977323,
7/3/12 9:45,73.26976335,
7/3/12 10:00,73.11377104,
7/3/12 10:15,73.36375622,
7/3/12 10:30,73.61374141,
7/3/12 10:45,73.86372659,
7/3/12 11:00,74.11956779,
7/3/12 11:15,74.36957273,
7/3/12 11:30,74.61957767,
7/3/12 11:45,74.86958261,
7/3/12 12:00,75.35117731,
7/3/12 12:15,76.10119212,
7/3/12 12:30,76.85120694,
7/3/12 12:45,77.60122175,
7/3/12 13:00,78.58539428,
7/3/12 13:15,79.83541897,
7/3/12 13:30,81.08544366,
7/3/12 13:45,82.33546835,
7/3/12 14:00,83.35229517,
7/3/12 14:15,84.10225073,
7/3/12 14:30,84.85220629,
7/3/12 14:45,85.60216185,
7/3/12 15:00,86.1247037,
7/3/12 15:15,86.37470864,
7/3/12 15:30,86.62471357,
7/3/12 15:45,86.87471851,
7/3/12 16:00,87.80985303,
7/3/12 16:15,89.5598876,
7/3/12 16:30,91.30992217,
7/3/12 16:45,93.05995674,
7/3/12 17:00,94.36158739,
7/3/12 17:15,95.1116022,
7/3/12 17:30,95.86161702,
7/3/12 17:45,96.61163183,
7/3/12 18:00,97,
7/3/12 18:15,97,
7/3/12 18:30,97,
7/3/12 18:45,97,
7/3/12 19:00,97.12351849,
7/3/12 19:15,97.37352343,
7/3/12 19:30,97.62352837,
7/3/12 19:45,97.8735333,
7/3/12 20:00,98,
7/3/12 20:15,98,
7/3/12 20:30,98,
7/3/12 20:45,98,
7/3/12 21:00,98,
7/3/12 21:15,98,
7/3/12 21:30,98,
7/3/12 21:45,98,
7/3/12 22:00,97.876274,
7/3/12 22:15,97.62628881,
7/3/12 22:30,97.37630363,
7/3/12 22:45,97.12631844,
7/3/12 23:00,96.77682522,
7/3/12 23:15,96.27681534,
7/3/12 23:30,95.77680547,
7/3/12 23:45,95.27679559,
7/4/12 0:00,94.76667193,
7/4/12 0:15,94.26666206,
7/4/12 0:30,93.76665218,
7/4/12 0:45,93.2666423,
7/4/12 1:00,92.65184497,
7/4/12 1:15,91.90183016,
7/4/12 1:30,91.15181534,
7/4/12 1:45,90.40180053,
7/4/12 2:00,89.76834953,
7/4/12 2:15,89.26837916,
7/4/12 2:30,88.76840879,
7/4/12 2:45,88.26843841,
7/4/12 3:00,87.77540297,
7/4/12 3:15,87.27539309,
7/4/12 3:30,86.77538322,
7/4/12 3:45,86.27537334,
7/4/12 4:00,85.64408186,
7/4/12 4:15,84.89406704,
7/4/12 4:30,84.14405223,
7/4/12 4:45,83.39403741,
7/4/12 5:00,82.76900284,
7/4/12 5:15,82.26899297,
7/4/12 5:30,81.76898309,
7/4/12 5:45,81.26897321,
7/4/12 6:00,81.1185905,
7/4/12 6:15,81.36857569,
7/4/12 6:30,81.61856088,
7/4/12 6:45,81.86854606,
7/4/12 7:00,81.65022519,
7/4/12 7:15,80.90021037,
7/4/12 7:30,80.15019556,
7/4/12 7:45,79.40018074,
7/4/12 8:00,78.76635588,
7/4/12 8:15,78.266346,
7/4/12 8:30,77.76633613,
7/4/12 8:45,77.26632625,
7/4/12 9:00,76.77137326,
7/4/12 9:15,76.27136339,
7/4/12 9:30,75.77135351,
7/4/12 9:45,75.27134363,
7/4/12 10:00,74.87911827,
7/4/12 10:15,74.62913309,
7/4/12 10:30,74.3791479,
7/4/12 10:45,74.12916272,
7/4/12 11:00,74.47258217,
7/4/12 11:15,75.47260193,
7/4/12 11:30,76.47262168,
7/4/12 11:45,77.47264143,
7/4/12 12:00,78.58387326,
7/4/12 12:15,79.83389795,
7/4/12 12:30,81.08392265,
7/4/12 12:45,82.33394734,
7/4/12 13:00,83.58397203,
7/4/12 13:15,84.83399672,
7/4/12 13:30,86.08402141,
7/4/12 13:45,87.3340461,
7/4/12 14:00,88.3495299,
7/4/12 14:15,89.09948546,
7/4/12 14:30,89.84944102,
7/4/12 14:45,90.59939658,
7/4/12 15:00,91.34645623,
7/4/12 15:15,92.09647104,
7/4/12 15:30,92.84648586,
7/4/12 15:45,93.59650067,
7/4/12 16:00,94.35662927,
7/4/12 16:15,95.10664408,
7/4/12 16:30,95.8566589,
7/4/12 16:45,96.60667371,
7/4/12 17:00,97.24158502,
7/4/12 17:15,97.7415949,
7/4/12 17:30,98.24160477,
7/4/12 17:45,98.74161465,
7/4/12 18:00,99.11993363,
7/4/12 18:15,99.36991882,
7/4/12 18:30,99.61990401,
7/4/12 18:45,99.86988919,
7/4/12 19:00,100.2403998,
7/4/12 19:15,100.7404097,
7/4/12 19:30,101.2404196,
7/4/12 19:45,101.7404294,
7/4/12 20:00,102,
7/4/12 20:15,102,
7/4/12 20:30,102,
7/4/12 20:45,102,
7/4/12 21:00,101.7772203,
7/4/12 21:15,101.2772104,
7/4/12 21:30,100.7772005,
7/4/12 21:45,100.2771907,
7/4/12 22:00,99.75918464,
7/4/12 22:15,99.25921427,
7/4/12 22:30,98.7592439,
7/4/12 22:45,98.25927352,
7/4/12 23:00,96.59963654,
7/4/12 23:15,93.59957728,
7/4/12 23:30,90.59951802,
7/4/12 23:45,87.59945875,
7/5/12 0:00,86.11397756,
7/5/12 0:15,86.3639825,
7/5/12 0:30,86.61398744,
7/5/12 0:45,86.86399238,
7/5/12 1:00,86.53768963,
7/5/12 1:15,85.53766988,
7/5/12 1:30,84.53765013,
7/5/12 1:45,83.53763037,
7/5/12 2:00,83,
7/5/12 2:15,83,
7/5/12 2:30,83,
7/5/12 2:45,83,
7/5/12 3:00,83.11656527,
7/5/12 3:15,83.3665702,
7/5/12 3:30,83.61657514,
7/5/12 3:45,83.86658008,
7/5/12 4:00,83.88341498,
7/5/12 4:15,83.63341004,
7/5/12 4:30,83.3834051,
7/5/12 4:45,83.13340017,
7/5/12 5:00,82.53737358,
7/5/12 5:15,81.53735382,
7/5/12 5:30,80.53733407,
7/5/12 5:45,79.53731432,
7/5/12 6:00,79.23078139,
7/5/12 6:15,79.73075176,
7/5/12 6:30,80.23072213,
7/5/12 6:45,80.7306925,
7/5/12 7:00,80.65259561,
7/5/12 7:15,79.90258079,
7/5/12 7:30,79.15256598,
7/5/12 7:45,78.40255116,
7/5/12 8:00,77.88586441,
7/5/12 8:15,77.63585947,
7/5/12 8:30,77.38585454,
7/5/12 8:45,77.1358496,
7/5/12 9:00,76.88584466,
7/5/12 9:15,76.63583972,
7/5/12 9:30,76.38583478,
7/5/12 9:45,76.13582984,
7/5/12 10:00,75.76566327,
7/5/12 10:15,75.2656929,
7/5/12 10:30,74.76572253,
7/5/12 10:45,74.26575215,
7/5/12 11:00,74.70033976,
7/5/12 11:15,76.20036939,
7/5/12 11:30,77.70039902,
7/5/12 11:45,79.20042865,
7/5/12 12:00,80.58877212,
7/5/12 12:15,81.83879682,
7/5/12 12:30,83.08882151,
7/5/12 12:45,84.3388462,
7/5/12 13:00,85.46831542,
7/5/12 13:15,86.46833518,
7/5/12 13:30,87.46835493,
7/5/12 13:45,88.46837468,
7/5/12 14:00,89.58062732,
7/5/12 14:15,90.83055325,
7/5/12 14:30,92.08047918,
7/5/12 14:45,93.33040511,
7/5/12 15:00,94.35167114,
7/5/12 15:15,95.10168596,
7/5/12 15:30,95.85170077,
7/5/12 15:45,96.60171559,
7/5/12 16:00,97.1079725,
7/5/12 16:15,97.35797744,
7/5/12 16:30,97.60798238,
7/5/12 16:45,97.85798732,
7/5/12 17:00,98,
7/5/12 17:15,98,
7/5/12 17:30,98,
7/5/12 17:45,98,
7/5/12 18:00,98.11922256,
7/5/12 18:15,98.36920775,
7/5/12 18:30,98.61919294,
7/5/12 18:45,98.86917812,
7/5/12 19:00,99.35317241,
7/5/12 19:15,100.1031872,
7/5/12 19:30,100.853202,
7/5/12 19:45,101.6032169,
7/5/12 20:00,102.1194295,
7/5/12 20:15,102.3694345,
7/5/12 20:30,102.6194394,
7/5/12 20:45,102.8694443,
7/5/12 21:00,103,
7/5/12 21:15,103,
7/5/12 21:30,103,
7/5/12 21:45,103,
7/5/12 22:00,102.8913645,
7/5/12 22:15,102.6413793,
7/5/12 22:30,102.3913941,
7/5/12 22:45,102.1414089,
7/5/12 23:00,101.6529117,
7/5/12 23:15,100.9028968,
7/5/12 23:30,100.152882,
7/5/12 23:45,99.40286722,
7/6/12 0:00,96.10963565,
7/6/12 0:15,89.85929269,
7/6/12 0:30,83.81628232,
7/6/12 0:45,81.77135355,
7/6/12 1:00,80.8855286,
7/6/12 1:15,80.63552366,
7/6/12 1:30,80.38551873,
7/6/12 1:45,80.13551379,
7/6/12 2:00,79.76471518,
7/6/12 2:15,79.26474481,
7/6/12 2:30,78.76477443,
7/6/12 2:45,78.26480406,
7/6/12 3:00,78,
7/6/12 3:15,78,
7/6/12 3:30,78,
7/6/12 3:45,78,
7/6/12 4:00,77.88041245,
7/6/12 4:15,77.63040751,
7/6/12 4:30,77.38040258,
7/6/12 4:45,77.13039764,
7/6/12 5:00,76.88544959,
7/6/12 5:15,76.63544465,
7/6/12 5:30,76.38543971,
7/6/12 5:45,76.13543477,
7/6/12 6:00,75.8844908,
7/6/12 6:15,75.63450561,
7/6/12 6:30,75.38452042,
7/6/12 6:45,75.13453524,
7/6/12 7:00,74.88541008,
7/6/12 7:15,74.63540514,
7/6/12 7:30,74.38540021,
7/6/12 7:45,74.13539527,
7/6/12 8:00,73.88539033,
7/6/12 8:15,73.63538539,
7/6/12 8:30,73.38538045,
7/6/12 8:45,73.13537551,
7/6/12 9:00,73,
7/6/12 9:15,73,
7/6/12 9:30,73,
7/6/12 9:45,73,
7/6/12 10:00,73,
7/6/12 10:15,73,
7/6/12 10:30,73,
7/6/12 10:45,73,
7/6/12 11:00,73.23818742,
7/6/12 11:15,73.7381973,
7/6/12 11:30,74.23820717,
7/6/12 11:45,74.73821705,
7/6/12 12:00,75.4676043,
7/6/12 12:15,76.46762405,
7/6/12 12:30,77.46764381,
7/6/12 12:45,78.46766356,
7/6/12 13:00,79.46768331,
7/6/12 13:15,80.46770307,
7/6/12 13:30,81.46772282,
7/6/12 13:45,82.46774257,
7/6/12 14:00,83.58599984,
7/6/12 14:15,84.83592577,
7/6/12 14:30,86.0858517,
7/6/12 14:45,87.33577763,
7/6/12 15:00,88.47416245,
7/6/12 15:15,89.47418221,
7/6/12 15:30,90.47420196,
7/6/12 15:45,91.47422171,
7/6/12 16:00,92.47424147,
7/6/12 16:15,93.47426122,
7/6/12 16:30,94.47428097,
7/6/12 16:45,95.47430073,
7/6/12 17:00,96.47432048,
7/6/12 17:15,97.47434023,
7/6/12 17:30,98.47435999,
7/6/12 17:45,99.47437974,
7/6/12 18:00,100,
7/6/12 18:15,100,
7/6/12 18:30,100,
7/6/12 18:45,100,
7/6/12 19:00,100.4694216,
7/6/12 19:15,101.4694414,
7/6/12 19:30,102.4694611,
7/6/12 19:45,103.4694809,
7/6/12 20:00,103.6529314,
7/6/12 20:15,102.9029166,
7/6/12 20:30,102.1529018,
7/6/12 20:45,101.402887,
7/6/12 21:00,101.2867831,
7/6/12 21:15,101.8868557,
7/6/12 21:30,101.2927357,
7/6/12 21:45,100.4356643,
7/6/12 22:00,99.09683794,
7/6/12 22:15,97.22091156,
7/6/12 22:30,96.64116001,
7/6/12 22:45,96.22447048,
7/6/12 23:00,95.88130136,
7/6/12 23:15,95.63129642,
7/6/12 23:30,95.38129148,
7/6/12 23:45,95.13128654,
7/7/12 0:00,93.95176201,
7/7/12 0:15,91.70171756,
7/7/12 0:30,89.45167312,
7/7/12 0:45,87.20162867,
7/7/12 1:00,85.64884245,
7/7/12 1:15,84.89882763,
7/7/12 1:30,84.14881282,
7/7/12 1:45,83.398798,
7/7/12 2:00,82.88227858,
7/7/12 2:15,82.63229339,
7/7/12 2:30,82.38230821,
7/7/12 2:45,82.13232302,
7/7/12 3:00,81.88880768,
7/7/12 3:15,81.63880274,
7/7/12 3:30,81.3887978,
7/7/12 3:45,81.13879287,
7/7/12 4:00,80.88373104,
7/7/12 4:15,80.6337261,
7/7/12 4:30,80.38372116,
7/7/12 4:45,80.13371622,
7/7/12 5:00,80,
7/7/12 5:15,80,
7/7/12 5:30,80,
7/7/12 5:45,80,
7/7/12 6:00,79.76360907,
7/7/12 6:15,79.2636387,
7/7/12 6:30,78.76366833,
7/7/12 6:45,78.26369795,
7/7/12 7:00,77.88872867,
7/7/12 7:15,77.63872373,
7/7/12 7:30,77.38871879,
7/7/12 7:45,77.13871385,
7/7/12 8:00,76.87859513,
7/7/12 8:15,76.62859019,
7/7/12 8:30,76.37858526,
7/7/12 8:45,76.12858032,
7/7/12 9:00,76,
7/7/12 9:15,76,
7/7/12 9:30,76,
7/7/12 9:45,76,
7/7/12 10:00,75.76882358,
7/7/12 10:15,75.2688532,
7/7/12 10:30,74.76888283,
7/7/12 10:45,74.26891246,
7/7/12 11:00,74.23534292,
7/7/12 11:15,74.7353528,
7/7/12 11:30,75.23536267,
7/7/12 11:45,75.73537255,
7/7/12 12:00,76.81372472,
7/7/12 12:15,78.56375928,
7/7/12 12:30,80.31379385,
7/7/12 12:45,82.06382842,
7/7/12 13:00,83.35818979,
7/7/12 13:15,84.10820461,
7/7/12 13:30,84.85821942,
7/7/12 13:45,85.60823424,
7/7/12 14:00,86.47167575,
7/7/12 14:15,87.4716165,
7/7/12 14:30,88.47155724,
7/7/12 14:45,89.47149799,
7/7/12 15:00,90.58748815,
7/7/12 15:15,91.83751284,
7/7/12 15:30,93.08753753,
7/7/12 15:45,94.33756222,
7/7/12 16:00,95.46981669,
7/7/12 16:15,96.46983644,
7/7/12 16:30,97.46985619,
7/7/12 16:45,98.46987595,
7/7/12 17:00,99,
7/7/12 17:15,99,
7/7/12 17:30,99,
7/7/12 17:45,99,
7/7/12 18:00,99.35190013,
7/7/12 18:15,100.1018557,
7/7/12 18:30,100.8518113,
7/7/12 18:45,101.6017668,
7/7/12 19:00,101.7795117,
7/7/12 19:15,101.2795018,
7/7/12 19:30,100.7794919,
7/7/12 19:45,100.2794821,
7/7/12 20:00,100.1178492,
7/7/12 20:15,100.3678542,
7/7/12 20:30,100.6178591,
7/7/12 20:45,100.8678641,
7/7/12 21:00,100.8846595,
7/7/12 21:15,100.6346545,
7/7/12 21:30,100.3846496,
7/7/12 21:45,100.1346446,
7/7/12 22:00,99.76645335,
7/7/12 22:15,99.26648297,
7/7/12 22:30,98.7665126,
7/7/12 22:45,98.26654223,
7/7/12 23:00,97.29760588,
7/7/12 23:15,95.79757625,
7/7/12 23:30,94.29754662,
7/7/12 23:45,92.79751699,
7/8/12 0:00,91.41541561,
7/8/12 0:15,90.16539092,
7/8/12 0:30,88.91536623,
7/8/12 0:45,87.66534154,
7/8/12 1:00,86.88205199,
7/8/12 1:15,86.63204705,
7/8/12 1:30,86.38204211,
7/8/12 1:45,86.13203718,
7/8/12 2:00,86.35719365,
7/8/12 2:15,87.10714921,
7/8/12 2:30,87.85710476,
7/8/12 2:45,88.60706032,
7/8/12 3:00,87.41794331,
7/8/12 3:15,84.03032952,
7/8/12 3:30,81,
7/8/12 3:45,80.55874094,
7/8/12 4:00,79.82713621,
7/8/12 4:15,79.46129706,
7/8/12 4:30,79.09545791,
7/8/12 4:45,79,
7/8/12 5:00,79,
7/8/12 5:15,79,
7/8/12 5:30,79,
7/8/12 5:45,79,
7/8/12 6:00,77,
7/8/12 6:15,77,
7/8/12 6:30,77,
7/8/12 6:45,77,
7/8/12 7:00,76.88193347,
7/8/12 7:15,76.63192853,
7/8/12 7:30,76.38192359,
7/8/12 7:45,76.13191866,
7/8/12 8:00,76,
7/8/12 8:15,76,
7/8/12 8:30,76,
7/8/12 8:45,76,
7/8/12 9:00,75.88821508,
7/8/12 9:15,75.63821014,
7/8/12 9:30,75.3882052,
7/8/12 9:45,75.13820026,
7/8/12 10:00,75,
7/8/12 10:15,75,
7/8/12 10:30,75,
7/8/12 10:45,75,
7/8/12 11:00,75.23755531,
7/8/12 11:15,75.73756519,
7/8/12 11:30,76.23757506,
7/8/12 11:45,76.73758494,
7/8/12 12:00,77.46886852,
7/8/12 12:15,78.46888827,
7/8/12 12:30,79.46890803,
7/8/12 12:45,80.46892778,
7/8/12 13:00,81.23510588,
7/8/12 13:15,81.73511576,
7/8/12 13:30,82.23512563,
7/8/12 13:45,82.73513551,
7/8/12 14:00,83.70135103,
7/8/12 14:15,85.20126215,
7/8/12 14:30,86.70117326,
7/8/12 14:45,88.20108438,
7/8/12 15:00,89.230128,
7/8/12 15:15,89.73013788,
7/8/12 15:30,90.23014776,
7/8/12 15:45,90.73015763,
7/8/12 16:00,91.46665613,
7/8/12 16:15,92.46667588,
7/8/12 16:30,93.46669564,
7/8/12 16:45,94.46671539,
7/8/12 17:00,95.23273546,
7/8/12 17:15,95.73274534,
7/8/12 17:30,96.23275521,
7/8/12 17:45,96.73276509,
7/8/12 18:00,96.88796713,
7/8/12 18:15,96.63798195,
7/8/12 18:30,96.38799676,
7/8/12 18:45,96.13801157,
7/8/12 19:00,95.8854891,
7/8/12 19:15,95.63548416,
7/8/12 19:30,95.38547922,
7/8/12 19:45,95.13547428,
7/8/12 20:00,94.53555626,
7/8/12 20:15,93.5355365,
7/8/12 20:30,92.53551675,
7/8/12 20:45,91.535497,
7/8/12 21:00,90.37591381,
7/8/12 21:15,89.06009373,
7/8/12 21:30,87.74427366,
7/8/12 21:45,86.42845359,
7/8/12 22:00,86.35804965,
7/8/12 22:15,84.99431511,
7/8/12 22:30,83.63058057,
7/8/12 22:45,82.26684602,
7/8/12 23:00,82.77461283,
7/8/12 23:15,82.27460296,
7/8/12 23:30,81.77459308,
7/8/12 23:45,81.2745832,
7/9/12 0:00,80.76445954,
7/9/12 0:15,80.26444967,
7/9/12 0:30,79.76443979,
7/9/12 0:45,79.26442991,
7/9/12 1:00,79.11589365,
7/9/12 1:15,79.36589859,
7/9/12 1:30,79.61590352,
7/9/12 1:45,79.86590846,
7/9/12 2:00,79.87820242,
7/9/12 2:15,79.6195913,
7/9/12 2:30,79.36098017,
7/9/12 2:45,79.10236905,
7/9/12 3:00,74.25441919,
7/9/12 3:15,73,
7/9/12 3:30,73,
7/9/12 3:45,73,
7/9/12 4:00,73,
7/9/12 4:15,73,
7/9/12 4:30,73.09005178,
7/9/12 4:45,73.69012432,
7/9/12 5:00,73.84855275,
7/9/12 5:15,73.50763113,
7/9/12 5:30,73.16670952,
7/9/12 5:45,73.4625,
7/9/12 6:00,73.87859695,
7/9/12 6:15,73.60585004,
7/9/12 6:30,73.33310314,
7/9/12 6:45,73.06035623,
7/9/12 7:00,73,
7/9/12 7:15,73,
7/9/12 7:30,73,
7/9/12 7:45,73,
7/9/12 8:00,73,
7/9/12 8:15,73,
7/9/12 8:30,73,
7/9/12 8:45,73,
7/9/12 9:00,73,
7/9/12 9:15,73,
7/9/12 9:30,73.33461304,
7/9/12 9:45,73.76324823,
7/9/12 10:00,73.54063861,
7/9/12 10:15,73,
7/9/12 10:30,73,
7/9/12 10:45,73,
7/9/12 11:00,73,
7/9/12 11:15,73,
7/9/12 11:30,73.05718874,
7/9/12 11:45,73.68249753,
7/9/12 12:00,74.11585778,
7/9/12 12:15,74.37446891,
7/9/12 12:30,74.63308003,
7/9/12 12:45,74.89169115,
7/9/12 13:00,75,
7/9/12 13:15,75,
7/9/12 13:30,75,
7/9/12 13:45,75,
7/9/12 14:00,75.23014932,
7/9/12 14:15,75.7301197,
7/9/12 14:30,76.23009007,
7/9/12 14:45,76.73006044,
7/9/12 15:00,77.12122709,
7/9/12 15:15,77.37123202,
7/9/12 15:30,77.62123696,
7/9/12 15:45,77.8712419,
7/9/12 16:00,78.22985145,
7/9/12 16:15,78.72986133,
7/9/12 16:30,79.22987121,
7/9/12 16:45,79.72988108,
7/9/12 17:00,80.21565182,
7/9/12 17:15,80.69945343,
7/9/12 17:30,81.37480977,
7/9/12 17:45,82.40916681,
7/9/12 18:00,83.46211583,
7/9/12 18:15,84.46205657,
7/9/12 18:30,85.46199731,
7/9/12 18:45,86.46193806,
7/9/12 19:00,87.12383454,
7/9/12 19:15,87.37383948,
7/9/12 19:30,87.62384442,
7/9/12 19:45,87.87384936,
7/9/12 20:00,87.88625948,
7/9/12 20:15,87.63625454,
7/9/12 20:30,87.3862496,
7/9/12 20:45,87.13624467,
7/9/12 21:00,87.34633771,
7/9/12 21:15,88.09635252,
7/9/12 21:30,88.84636734,
7/9/12 21:45,89.59638215,
7/9/12 22:00,90.10666035,
7/9/12 22:15,90.35664553,
7/9/12 22:30,90.60663072,
7/9/12 22:45,90.8566159,
7/9/12 23:00,90.65354377,
7/9/12 23:15,89.90352896,
7/9/12 23:30,89.15351414,
7/9/12 23:45,88.40349933,
7/10/12 0:00,87.77236094,
7/10/12 0:15,87.27235106,
7/10/12 0:30,86.77234118,
7/10/12 0:45,86.27233131,
7/10/12 1:00,85.53705752,
7/10/12 1:15,84.53703777,
7/10/12 1:30,83.53701802,
7/10/12 1:45,82.53699826,
7/10/12 2:00,81.88472782,
7/10/12 2:15,81.63474263,
7/10/12 2:30,81.38475745,
7/10/12 2:45,81.13477226,
7/10/12 3:00,80.65077829,
7/10/12 3:15,79.90076347,
7/10/12 3:30,79.15074866,
7/10/12 3:45,78.40073384,
7/10/12 4:00,78,
7/10/12 4:15,78,
7/10/12 4:30,78,
7/10/12 4:45,78,
7/10/12 5:00,77.52773288,
7/10/12 5:15,76.50496804,
7/10/12 5:30,75.4822032,
7/10/12 5:45,73.2569079,
7/10/12 6:00,74.11819546,
7/10/12 6:15,74.36818065,
7/10/12 6:30,74.61816584,
7/10/12 6:45,74.86815102,
7/10/12 7:00,74.88857064,
7/10/12 7:15,74.6385657,
7/10/12 7:30,74.38856076,
7/10/12 7:45,74.13855582,
7/10/12 8:00,73.883494,
7/10/12 8:15,73.63348906,
7/10/12 8:30,73.38348412,
7/10/12 8:45,73.13347918,
7/10/12 9:00,73.1190542,
7/10/12 9:15,73.36905914,
7/10/12 9:30,73.61906408,
7/10/12 9:45,73.86906902,
7/10/12 10:00,73.87540488,
7/10/12 10:15,73.61226391,
7/10/12 10:30,73.34912293,
7/10/12 10:45,73.08598196,
7/10/12 11:00,73,
7/10/12 11:15,72.12583333,
7/10/12 11:30,72,
7/10/12 11:45,72,
7/10/12 12:00,71.30423387,
7/10/12 12:15,71.9563256,
7/10/12 12:30,72,
7/10/12 12:45,72,
7/10/12 13:00,72.11935613,
7/10/12 13:15,72.37796726,
7/10/12 13:30,72.63657838,
7/10/12 13:45,72.8951895,
7/10/12 14:00,73.23378368,
7/10/12 14:15,73.73375405,
7/10/12 14:30,74.23372442,
7/10/12 14:45,74.73369479,
7/10/12 15:00,75.11917272,
7/10/12 15:15,75.36917766,
7/10/12 15:30,75.6191826,
7/10/12 15:45,75.86918754,
7/10/12 16:00,76.23332807,
7/10/12 16:15,76.73333794,
7/10/12 16:30,77.23334782,
7/10/12 16:45,77.7333577,
7/10/12 17:00,78.12047645,
7/10/12 17:15,78.37048139,
7/10/12 17:30,78.62048633,
7/10/12 17:45,78.87049127,
7/10/12 18:00,79,
7/10/12 18:15,79,
7/10/12 18:30,79,
7/10/12 18:45,79,
7/10/12 19:00,79,
7/10/12 19:15,79,
7/10/12 19:30,79,
7/10/12 19:45,79,
7/10/12 20:00,79,
7/10/12 20:15,79,
7/10/12 20:30,79,
7/10/12 20:45,79,
7/10/12 21:00,79.23478982,
7/10/12 21:15,79.7347997,
7/10/12 21:30,80.23480958,
7/10/12 21:45,80.73481945,
7/10/12 22:00,80.88314767,
7/10/12 22:15,80.63316248,
7/10/12 22:30,80.38317729,
7/10/12 22:45,80.13319211,
7/10/12 23:00,80,
7/10/12 23:15,80,
7/10/12 23:30,80,
7/10/12 23:45,80,
7/11/12 0:00,79.88570638,
7/11/12 0:15,79.63570145,
7/11/12 0:30,79.38569651,
7/11/12 0:45,79.13569157,
7/11/12 1:00,78.88568663,
7/11/12 1:15,78.63568169,
7/11/12 1:30,78.38567675,
7/11/12 1:45,78.13567182,
7/11/12 2:00,77.8845698,
7/11/12 2:15,77.63458462,
7/11/12 2:30,77.38459943,
7/11/12 2:45,77.13461425,
7/11/12 3:00,76.88564712,
7/11/12 3:15,76.63564219,
7/11/12 3:30,76.38563725,
7/11/12 3:45,76.13563231,
7/11/12 4:00,76,
7/11/12 4:15,76,
7/11/12 4:30,76,
7/11/12 4:45,76,
7/11/12 5:00,75.88687184,
7/11/12 5:15,75.6368669,
7/11/12 5:30,75.38686196,
7/11/12 5:45,75.13685702,
7/11/12 6:00,75,
7/11/12 6:15,75,
7/11/12 6:30,75,
7/11/12 6:45,75,
7/11/12 7:00,75,
7/11/12 7:15,75,
7/11/12 7:30,75,
7/11/12 7:45,75,
7/11/12 8:00,74.87922724,
7/11/12 8:15,74.62922231,
7/11/12 8:30,74.37921737,
7/11/12 8:45,74.12921243,
7/11/12 9:00,73.88426438,
7/11/12 9:15,73.63425944,
7/11/12 9:30,73.3842545,
7/11/12 9:45,73.13424957,
7/11/12 10:00,73,
7/11/12 10:15,73,
7/11/12 10:30,73,
7/11/12 10:45,73,
7/11/12 11:00,73,
7/11/12 11:15,73,
7/11/12 11:30,73,
7/11/12 11:45,73,
7/11/12 12:00,73.23538243,
7/11/12 12:15,73.7353923,
7/11/12 12:30,74.23540218,
7/11/12 12:45,74.73541206,
7/11/12 13:00,75.24047882,
7/11/12 13:15,75.7404887,
7/11/12 13:30,76.24049858,
7/11/12 13:45,76.74050845,
7/11/12 14:00,77,
7/11/12 14:15,77,
7/11/12 14:30,77,
7/11/12 14:45,77,
7/11/12 15:00,77.35388353,
7/11/12 15:15,78.10389835,
7/11/12 15:30,78.85391316,
7/11/12 15:45,79.60392798,
7/11/12 16:00,80.11460967,
7/11/12 16:15,80.36461461,
7/11/12 16:30,80.61461955,
7/11/12 16:45,80.86462449,
7/11/12 17:00,81.3565305,
7/11/12 17:15,82.10654531,
7/11/12 17:30,82.85656013,
7/11/12 17:45,83.60657494,
7/11/12 18:00,83.41257802,
7/11/12 18:15,82.16265209,
7/11/12 18:30,80.91272616,
7/11/12 18:45,79.66280023,
7/11/12 19:00,79.35159213,
7/11/12 19:15,80.10160695,
7/11/12 19:30,80.85162176,
7/11/12 19:45,81.60163658,
7/11/12 20:00,81.88278287,
7/11/12 20:15,81.63277793,
7/11/12 20:30,81.38277299,
7/11/12 20:45,81.13276805,
7/11/12 21:00,81.36182443,
7/11/12 21:15,82.11183925,
7/11/12 21:30,82.86185406,
7/11/12 21:45,83.61186888,
7/11/12 22:00,83.7639251,
7/11/12 22:15,83.26395473,
7/11/12 22:30,82.76398436,
7/11/12 22:45,82.26401398,
7/11/12 23:00,81.77050411,
7/11/12 23:15,81.27049423,
7/11/12 23:30,80.77048436,
7/11/12 23:45,80.27047448,
7/12/12 0:00,79.88017541,
7/12/12 0:15,79.63017047,
7/12/12 0:30,79.38016553,
7/12/12 0:45,79.1301606,
7/12/12 1:00,78.77168932,
7/12/12 1:15,78.27167944,
7/12/12 1:30,77.77166956,
7/12/12 1:45,77.27165969,
7/12/12 2:00,76.88291064,
7/12/12 2:15,76.63292546,
7/12/12 2:30,76.38294027,
7/12/12 2:45,76.13295508,
7/12/12 3:00,76,
7/12/12 3:15,76,
7/12/12 3:30,76,
7/12/12 3:45,76,
7/12/12 4:00,75.8800964,
7/12/12 4:15,75.63009146,
7/12/12 4:30,75.38008652,
7/12/12 4:45,75.13008158,
7/12/12 5:00,74.88513353,
7/12/12 5:15,74.6351286,
7/12/12 5:30,74.38512366,
7/12/12 5:45,74.13511872,
7/12/12 6:00,73.87927629,
7/12/12 6:15,73.6292911,
7/12/12 6:30,73.37930592,
7/12/12 6:45,73.12932073,
7/12/12 7:00,73,
7/12/12 7:15,73,
7/12/12 7:30,73,
7/12/12 7:45,73,
7/12/12 8:00,72.88128161,
7/12/12 8:15,72.63127667,
7/12/12 8:30,72.38127173,
7/12/12 8:45,72.13126679,
7/12/12 9:00,71.88126185,
7/12/12 9:15,71.63125691,
7/12/12 9:30,71.38125198,
7/12/12 9:45,71.13124704,
7/12/12 10:00,71,
7/12/12 10:15,71,
7/12/12 10:30,71,
7/12/12 10:45,71,
7/12/12 11:00,71.12073011,
7/12/12 11:15,71.37934123,
7/12/12 11:30,71.63795235,
7/12/12 11:45,71.89656348,
7/12/12 12:00,70.88373104,
7/12/12 12:15,70.6337261,
7/12/12 12:30,70.38372116,
7/12/12 12:45,70.13371622,
7/12/12 13:00,70,
7/12/12 13:15,70,
7/12/12 13:30,70,
7/12/12 13:45,70,
7/12/12 14:00,70.53296918,
7/12/12 14:15,71.64403287,
7/12/12 14:30,72,
7/12/12 14:45,72,
7/12/12 15:00,72,
7/12/12 15:15,72.25844987,
7/12/12 15:30,72.55257204,
7/12/12 15:45,72.84669421,
7/12/12 16:00,73,
7/12/12 16:15,73,
7/12/12 16:30,73,
7/12/12 16:45,73,
7/12/12 17:00,73,
7/12/12 17:15,73,
7/12/12 17:30,73,
7/12/12 17:45,73,
7/12/12 18:00,73,
7/12/12 18:15,73,
7/12/12 18:30,73,
7/12/12 18:45,73,
7/12/12 19:00,72.81825089,
7/12/12 19:15,72.4336164,
7/12/12 19:30,72.04898191,
7/12/12 19:45,72,
7/12/12 20:00,72.21777038,
7/12/12 20:15,72.67237706,
7/12/12 20:30,72.87103736,
7/12/12 20:45,72.31550551,
7/12/12 21:00,72.11897519,
7/12/12 21:15,72.36898013,
7/12/12 21:30,72.61898507,
7/12/12 21:45,72.86899,
7/12/12 22:00,73,
7/12/12 22:15,73,
7/12/12 22:30,73,
7/12/12 22:45,73,
7/12/12 23:00,73,
7/12/12 23:15,73,
7/12/12 23:30,72.73244739,
7/12/12 23:45,72.19668451,
7/13/12 0:00,72,
7/13/12 0:15,72,
7/13/12 0:30,72,
7/13/12 0:45,72,
7/13/12 1:00,72,
7/13/12 1:15,72,
7/13/12 1:30,72,
7/13/12 1:45,72,
7/13/12 2:00,72,
7/13/12 2:15,72,
7/13/12 2:30,72,
7/13/12 2:45,72,
7/13/12 3:00,72,
7/13/12 3:15,72,
7/13/12 3:30,72,
7/13/12 3:45,72,
7/13/12 4:00,72,
7/13/12 4:15,72,
7/13/12 4:30,72,
7/13/12 4:45,72,
7/13/12 5:00,72,
7/13/12 5:15,72,
7/13/12 5:30,72,
7/13/12 5:45,72,
7/13/12 6:00,71.8814885,
7/13/12 6:15,71.63150332,
7/13/12 6:30,71.38151813,
7/13/12 6:45,71.13153295,
7/13/12 7:00,71.79451754,
7/13/12 7:15,71.74537778,
7/13/12 7:30,71.4512556,
7/13/12 7:45,71.15713343,
7/13/12 8:00,71.31111111,
7/13/12 8:15,71.93611111,
7/13/12 8:30,71.64434263,
7/13/12 8:45,71.22765309,
7/13/12 9:00,71,
7/13/12 9:15,71,
7/13/12 9:30,71,
7/13/12 9:45,71,
7/13/12 10:00,71.92,
7/13/12 10:15,72,
7/13/12 10:30,72,
7/13/12 10:45,72,
7/13/12 11:00,72,
7/13/12 11:15,72,
7/13/12 11:30,72,
7/13/12 11:45,72,
7/13/12 12:00,72,
7/13/12 12:15,72,
7/13/12 12:30,72,
7/13/12 12:45,72.68049859,
7/13/12 13:00,72,
7/13/12 13:15,72,
7/13/12 13:30,73,
7/13/12 13:45,73,
7/13/12 14:00,73,
7/13/12 14:15,73,
7/13/12 14:30,73,
7/13/12 14:45,72,
7/13/12 15:00,72.10672982,
7/13/12 15:15,73,
7/13/12 15:30,74.56879062,
7/13/12 15:45,76.14760193,
7/13/12 16:00,77.25079365,
7/13/12 16:15,77.78650794,
7/13/12 16:30,78.32222222,
7/13/12 16:45,78.85793651,
7/13/12 17:00,78.88442241,
7/13/12 17:15,78.63441747,
7/13/12 17:30,78.38441253,
7/13/12 17:45,78.13440759,
7/13/12 18:00,78.35071502,
7/13/12 18:15,79.10067058,
7/13/12 18:30,79.85062614,
7/13/12 18:45,80.60058169,
7/13/12 19:00,81.11814554,
7/13/12 19:15,81.36815048,
7/13/12 19:30,81.61815542,
7/13/12 19:45,81.86816036,
7/13/12 20:00,81.8818347,
7/13/12 20:15,81.63182976,
7/13/12 20:30,81.38182483,
7/13/12 20:45,81.13181989,
7/13/12 21:00,81.34444137,
7/13/12 21:15,82.09445619,
7/13/12 21:30,82.844471,
7/13/12 21:45,83.59448582,
7/13/12 22:00,84.23481078,
7/13/12 22:15,84.73478115,
7/13/12 22:30,85.23475152,
7/13/12 22:45,85.73472189,
7/13/12 23:00,85.65164744,
7/13/12 23:15,84.90163262,
7/13/12 23:30,84.15161781,
7/13/12 23:45,83.40160299,
7/14/12 0:00,82.76224716,
7/14/12 0:15,82.26223728,
7/14/12 0:30,81.7622274,
7/14/12 0:45,81.26221753,
7/14/12 1:00,80.65279314,
7/14/12 1:15,79.90277833,
7/14/12 1:30,79.15276351,
7/14/12 1:45,78.4027487,
7/14/12 2:00,77.76487319,
7/14/12 2:15,77.26490282,
7/14/12 2:30,76.76493245,
7/14/12 2:45,76.26496208,
7/14/12 3:00,75.88801754,
7/14/12 3:15,75.6380126,
7/14/12 3:30,75.38800766,
7/14/12 3:45,75.13800273,
7/14/12 4:00,74.8829409,
7/14/12 4:15,74.63293596,
7/14/12 4:30,74.38293102,
7/14/12 4:45,74.13292608,
7/14/12 5:00,73.88797803,
7/14/12 5:15,73.6379731,
7/14/12 5:30,73.38796816,
7/14/12 5:45,73.13796322,
7/14/12 6:00,73.11385004,
7/14/12 6:15,73.36383523,
7/14/12 6:30,73.61382042,
7/14/12 6:45,73.8638056,
7/14/12 7:00,73.88541008,
7/14/12 7:15,73.63540514,
7/14/12 7:30,73.38540021,
7/14/12 7:45,73.13539527,
7/14/12 8:00,72.88033344,
7/14/12 8:15,72.6303285,
7/14/12 8:30,72.38032356,
7/14/12 8:45,72.13031862,
7/14/12 9:00,72,
7/14/12 9:15,72,
7/14/12 9:30,72,
7/14/12 9:45,72,
7/14/12 10:00,72.11780043,
7/14/12 10:15,72.36778561,
7/14/12 10:30,72.6177708,
7/14/12 10:45,72.86775598,
7/14/12 11:00,73,
7/14/12 11:15,73,
7/14/12 11:30,73,
7/14/12 11:45,73,
7/14/12 12:00,73,
7/14/12 12:15,73,
7/14/12 12:30,73,
7/14/12 12:45,73,
7/14/12 13:00,73,
7/14/12 13:15,73,
7/14/12 13:30,73,
7/14/12 13:45,73,
7/14/12 14:00,74.19056525,
7/14/12 14:15,74.59604569,
7/14/12 14:30,75,
7/14/12 14:45,75,
7/14/12 15:00,74.17111111,
7/14/12 15:15,72.99591206,
7/14/12 15:30,72,
7/14/12 15:45,72,
7/14/12 16:00,71.219777,
7/14/12 16:15,72,
7/14/12 16:30,72,
7/14/12 16:45,72,
7/14/12 17:00,72.25943718,
7/14/12 17:15,72.81496903,
7/14/12 17:30,74.21706059,
7/14/12 17:45,76.03501241,
7/14/12 18:00,77.46954255,
7/14/12 18:15,78.46948329,
7/14/12 18:30,79.46942403,
7/14/12 18:45,80.46936478,
7/14/12 19:00,81.47068584,
7/14/12 19:15,82.47070559,
7/14/12 19:30,83.47072535,
7/14/12 19:45,84.4707451,
7/14/12 20:00,85.58640005,
7/14/12 20:15,83.4437217,
7/14/12 20:30,81.30104336,
7/14/12 20:45,79.64738475,
7/14/12 21:00,75.38938053,
7/14/12 21:15,75,
7/14/12 21:30,75,
7/14/12 21:45,75,
7/14/12 22:00,75,
7/14/12 22:15,75,
7/14/12 22:30,75,
7/14/12 22:45,75,
7/14/12 23:00,74.6576,
7/14/12 23:15,73.9076,
7/14/12 23:30,73.1576,
7/14/12 23:45,73.62104655,
7/15/12 0:00,73.88128161,
7/15/12 0:15,73.63127667,
7/15/12 0:30,73.38127173,
7/15/12 0:45,73.13126679,
7/15/12 1:00,73,
7/15/12 1:15,73,
7/15/12 1:30,73,
7/15/12 1:45,73,
7/15/12 2:00,73,
7/15/12 2:15,73,
7/15/12 2:30,73,
7/15/12 2:45,73,
7/15/12 3:00,72.88880768,
7/15/12 3:15,72.63880274,
7/15/12 3:30,72.3887978,
7/15/12 3:45,72.13879287,
7/15/12 4:00,72,
7/15/12 4:15,72,
7/15/12 4:30,72,
7/15/12 4:45,72,
7/15/12 5:00,72,
7/15/12 5:15,72,
7/15/12 5:30,72,
7/15/12 5:45,72,
7/15/12 6:00,72,
7/15/12 6:15,72,
7/15/12 6:30,72,
7/15/12 6:45,72,
7/15/12 7:00,72,
7/15/12 7:15,72,
7/15/12 7:30,72,
7/15/12 7:45,72,
7/15/12 8:00,71.88365202,
7/15/12 8:15,71.63364708,
7/15/12 8:30,71.38364215,
7/15/12 8:45,71.13363721,
7/15/12 9:00,71,
7/15/12 9:15,71,
7/15/12 9:30,71,
7/15/12 9:45,71,
7/15/12 10:00,70.88433278,
7/15/12 10:15,70.63434759,
7/15/12 10:30,70.38436241,
7/15/12 10:45,70.13437722,
7/15/12 11:00,70.23281448,
7/15/12 11:15,70.73282435,
7/15/12 11:30,71.23283423,
7/15/12 11:45,71.73284411,
7/15/12 12:00,72.23285398,
7/15/12 12:15,72.73286386,
7/15/12 12:30,73.23287374,
7/15/12 12:45,73.73288361,
7/15/12 13:00,74.46831542,
7/15/12 13:15,75.46833518,
7/15/12 13:30,76.46835493,
7/15/12 13:45,77.46837468,
7/15/12 14:00,78.58623686,
7/15/12 14:15,79.8361628,
7/15/12 14:30,81.08608873,
7/15/12 14:45,82.33601466,
7/15/12 15:00,83.11648625,
7/15/12 15:15,83.36649119,
7/15/12 15:30,83.61649613,
7/15/12 15:45,83.86650107,
7/15/12 16:00,84,
7/15/12 16:15,84,
7/15/12 16:30,84,
7/15/12 16:45,84,
7/15/12 17:00,84.05955645,
7/15/12 17:15,82.07990137,
7/15/12 17:30,83.61815165,
7/15/12 17:45,85.15640193,
7/15/12 18:00,86.46693529,
7/15/12 18:15,87.46687604,
7/15/12 18:30,88.46681678,
7/15/12 18:45,89.46675753,
7/15/12 19:00,90,
7/15/12 19:15,90,
7/15/12 19:30,90,
7/15/12 19:45,90,
7/15/12 20:00,90.23569848,
7/15/12 20:15,90.73570836,
7/15/12 20:30,91.23571824,
7/15/12 20:45,91.73572811,
7/15/12 21:00,92.23573799,
7/15/12 21:15,92.73574787,
7/15/12 21:30,93.23575774,
7/15/12 21:45,93.73576762,
7/15/12 22:00,93.87595797,
7/15/12 22:15,93.62597278,
7/15/12 22:30,93.3759876,
7/15/12 22:45,93.12600241,
7/15/12 23:00,92.6576525,
7/15/12 23:15,91.90763768,
7/15/12 23:30,91.15762287,
7/15/12 23:45,90.40760805,
7/16/12 0:00,89.53587231,
7/16/12 0:15,88.53585256,
7/16/12 0:30,87.53583281,
7/16/12 0:45,86.53581305,
7/16/12 1:00,85.5357933,
7/16/12 1:15,84.53577355,
7/16/12 1:30,83.53575379,
7/16/12 1:45,82.53573404,
7/16/12 2:00,81.88188354,
7/16/12 2:15,81.63189836,
7/16/12 2:30,81.38191317,
7/16/12 2:45,81.13192798,
7/16/12 3:00,80.77034608,
7/16/12 3:15,80.2703362,
7/16/12 3:30,79.77032633,
7/16/12 3:45,79.27031645,
7/16/12 4:00,78.76524968,
7/16/12 4:15,78.26523981,
7/16/12 4:30,77.76522993,
7/16/12 4:45,77.26522005,
7/16/12 5:00,76.77026707,
7/16/12 5:15,76.27025719,
7/16/12 5:30,75.77024731,
7/16/12 5:45,75.27023744,
7/16/12 6:00,74.88362171,
7/16/12 6:15,74.63363653,
7/16/12 6:30,74.38365134,
7/16/12 6:45,74.13366615,
7/16/12 7:00,73.88446192,
7/16/12 7:15,73.63445698,
7/16/12 7:30,73.38445204,
7/16/12 7:45,73.1344471,
7/16/12 8:00,72.88444216,
7/16/12 8:15,72.63443722,
7/16/12 8:30,72.38443229,
7/16/12 8:45,72.13442735,
7/16/12 9:00,72.12063448,
7/16/12 9:15,72.37063942,
7/16/12 9:30,72.62064436,
7/16/12 9:45,72.8706493,
7/16/12 10:00,72.88622896,
7/16/12 10:15,72.63624378,
7/16/12 10:30,72.38625859,
7/16/12 10:45,72.13627341,
7/16/12 11:00,72.46752528,
7/16/12 11:15,73.46754504,
7/16/12 11:30,74.46756479,
7/16/12 11:45,75.46758454,
7/16/12 12:00,76.34564633,
7/16/12 12:15,77.09566115,
7/16/12 12:30,77.84567596,
7/16/12 12:45,78.59569078,
7/16/12 13:00,79.47147598,
7/16/12 13:15,80.47149573,
7/16/12 13:30,81.47151549,
7/16/12 13:45,82.47153524,
7/16/12 14:00,83.5793632,
7/16/12 14:15,84.82928913,
7/16/12 14:30,86.07921506,
7/16/12 14:45,87.32914099,
7/16/12 15:00,88.23644911,
7/16/12 15:15,88.73645899,
7/16/12 15:30,89.23646887,
7/16/12 15:45,89.73647875,
7/16/12 16:00,90.23648862,
7/16/12 16:15,90.7364985,
7/16/12 16:30,91.23650838,
7/16/12 16:45,91.73651825,
7/16/12 17:00,92.1258494,
7/16/12 17:15,92.37585434,
7/16/12 17:30,92.62585928,
7/16/12 17:45,92.87586421,
7/16/12 18:00,93.10839851,
7/16/12 18:15,93.3583837,
7/16/12 18:30,93.60836889,
7/16/12 18:45,93.85835407,
7/16/12 19:00,93.65267462,
7/16/12 19:15,92.90265981,
7/16/12 19:30,92.15264499,
7/16/12 19:45,91.40263018,
7/16/12 20:00,91.47202908,
7/16/12 20:15,92.47204883,
7/16/12 20:30,93.47206858,
7/16/12 20:45,94.47208834,
7/16/12 21:00,95,
7/16/12 21:15,95,
7/16/12 21:30,95,
7/16/12 21:45,95,
7/16/12 22:00,94.76210792,
7/16/12 22:15,94.26213755,
7/16/12 22:30,93.76216718,
7/16/12 22:45,93.26219681,
7/16/12 23:00,92.65623025,
7/16/12 23:15,91.90621543,
7/16/12 23:30,91.15620062,
7/16/12 23:45,90.4061858,
7/17/12 0:00,89.76825221,
7/17/12 0:15,89.26824234,
7/17/12 0:30,88.76823246,
7/17/12 0:45,88.26822258,
7/17/12 1:00,87.64726217,
7/17/12 1:15,86.89724735,
7/17/12 1:30,86.14723254,
7/17/12 1:45,85.39721772,
7/17/12 2:00,84.65062811,
7/17/12 2:15,83.90067255,
7/17/12 2:30,83.15071699,
7/17/12 2:45,82.40076144,
7/17/12 3:00,81.65725743,
7/17/12 3:15,80.90724261,
7/17/12 3:30,80.1572278,
7/17/12 3:45,79.40721298,
7/17/12 4:00,78.76430152,
7/17/12 4:15,78.26429164,
7/17/12 4:30,77.76428176,
7/17/12 4:45,77.26427189,
7/17/12 5:00,76.7693189,
7/17/12 5:15,76.26930902,
7/17/12 5:30,75.76929915,
7/17/12 5:45,75.26928927,
7/17/12 6:00,75,
7/17/12 6:15,75,
7/17/12 6:30,75,
7/17/12 6:45,75,
7/17/12 7:00,74.88525205,
7/17/12 7:15,74.63524712,
7/17/12 7:30,74.38524218,
7/17/12 7:45,74.13523724,
7/17/12 8:00,73.76793616,
7/17/12 8:15,73.26792628,
7/17/12 8:30,72.7679164,
7/17/12 8:45,72.26790653,
7/17/12 9:00,72,
7/17/12 9:15,72,
7/17/12 9:30,72,
7/17/12 9:45,72,
7/17/12 10:00,72.11416607,
7/17/12 10:15,72.36415126,
7/17/12 10:30,72.61413645,
7/17/12 10:45,72.86412163,
7/17/12 11:00,73.3571231,
7/17/12 11:15,74.10713792,
7/17/12 11:30,74.85715273,
7/17/12 11:45,75.60716755,
7/17/12 12:00,76.58687579,
7/17/12 12:15,77.83690048,
7/17/12 12:30,79.08692517,
7/17/12 12:45,80.33694987,
7/17/12 13:00,81.59203145,
7/17/12 13:15,82.84205614,
7/17/12 13:30,84.09208083,
7/17/12 13:45,85.34210552,
7/17/12 14:00,86.34542151,
7/17/12 14:15,87.09537706,
7/17/12 14:30,87.84533262,
7/17/12 14:45,88.59528818,
7/17/12 15:00,89,
7/17/12 15:15,89,
7/17/12 15:30,89,
7/17/12 15:45,89,
7/17/12 16:00,89.23617257,
7/17/12 16:15,89.73618244,
7/17/12 16:30,90.23619232,
7/17/12 16:45,90.7362022,
7/17/12 17:00,91.23621207,
7/17/12 17:15,91.73622195,
7/17/12 17:30,92.23623183,
7/17/12 17:45,92.7362417,
7/17/12 18:00,93,
7/17/12 18:15,93,
7/17/12 18:30,93,
7/17/12 18:45,93,
7/17/12 19:00,93.12509877,
7/17/12 19:15,93.37510371,
7/17/12 19:30,93.62510864,
7/17/12 19:45,93.87511358,
7/17/12 20:00,93.87993837,
7/17/12 20:15,93.62993343,
7/17/12 20:30,93.37992849,
7/17/12 20:45,93.12992355,
7/17/12 21:00,93,
7/17/12 21:15,93,
7/17/12 21:30,93,
7/17/12 21:45,93,
7/17/12 22:00,92.88393774,
7/17/12 22:15,92.63395256,
7/17/12 22:30,92.38396737,
7/17/12 22:45,92.13398218,
7/17/12 23:00,91.88114333,
7/17/12 23:15,91.63113839,
7/17/12 23:30,91.38113345,
7/17/12 23:45,91.13112852,
7/18/12 0:00,90.65601296,
7/18/12 0:15,89.90599814,
7/18/12 0:30,89.15598333,
7/18/12 0:45,88.40596851,
7/18/12 1:00,87.77737832,
7/18/12 1:15,87.27736844,
7/18/12 1:30,86.77735857,
7/18/12 1:45,86.27734869,
7/18/12 2:00,85.76044876,
7/18/12 2:15,85.26047839,
7/18/12 2:30,84.76050802,
7/18/12 2:45,84.26053765,
7/18/12 3:00,83.65836362,
7/18/12 3:15,82.90834881,
7/18/12 3:30,82.15833399,
7/18/12 3:45,81.40831918,
7/18/12 4:00,80.88357301,
7/18/12 4:15,80.63356807,
7/18/12 4:30,80.38356313,
7/18/12 4:45,80.13355819,
7/18/12 5:00,80,
7/18/12 5:15,80,
7/18/12 5:30,80,
7/18/12 5:45,80,
7/18/12 6:00,79.8835427,
7/18/12 6:15,79.63355752,
7/18/12 6:30,79.38357233,
7/18/12 6:45,79.13358715,
7/18/12 7:00,79,
7/18/12 7:15,79,
7/18/12 7:30,79,
7/18/12 7:45,79,
7/18/12 8:00,79,
7/18/12 8:15,79,
7/18/12 8:30,79,
7/18/12 8:45,79,
7/18/12 9:00,78.77074115,
7/18/12 9:15,78.27073127,
7/18/12 9:30,77.7707214,
7/18/12 9:45,77.27071152,
7/18/12 10:00,76.88496484,
7/18/12 10:15,76.63497966,
7/18/12 10:30,76.38499447,
7/18/12 10:45,76.13500928,
7/18/12 11:00,76,
7/18/12 11:15,76,
7/18/12 11:30,76,
7/18/12 11:45,76,
7/18/12 12:00,76.11784924,
7/18/12 12:15,76.36785418,
7/18/12 12:30,76.61785912,
7/18/12 12:45,76.86786406,
7/18/12 13:00,77.35107854,
7/18/12 13:15,78.10109336,
7/18/12 13:30,78.85110817,
7/18/12 13:45,79.60112299,
7/18/12 14:00,80.34984593,
7/18/12 14:15,81.09980149,
7/18/12 14:30,81.84975705,
7/18/12 14:45,82.59971261,
7/18/12 15:00,83.35625395,
7/18/12 15:15,84.10626877,
7/18/12 15:30,84.85628358,
7/18/12 15:45,85.6062984,
7/18/12 16:00,86.46918458,
7/18/12 16:15,87.46920433,
7/18/12 16:30,88.46922408,
7/18/12 16:45,89.46924384,
7/18/12 17:00,89.6474202,
7/18/12 17:15,88.89740538,
7/18/12 17:30,88.14739057,
7/18/12 17:45,87.39737575,
7/18/12 18:00,81,
7/18/12 18:15,81.10551402,
7/18/12 18:30,84.61615938,
7/18/12 18:45,88.12680474,
7/18/12 19:00,90.35016988,
7/18/12 19:15,91.10018469,
7/18/12 19:30,91.85019951,
7/18/12 19:45,92.60021433,
7/18/12 20:00,93,
7/18/12 20:15,93,
7/18/12 20:30,93,
7/18/12 20:45,93,
7/18/12 21:00,92.53926991,
7/18/12 21:15,91.53925016,
7/18/12 21:30,90.5392304,
7/18/12 21:45,89.53921065,
7/18/12 22:00,88.76321403,
7/18/12 22:15,88.26324366,
7/18/12 22:30,87.76327329,
7/18/12 22:45,87.26330292,
7/18/12 23:00,86.53152655,
7/18/12 23:15,85.5315068,
7/18/12 23:30,84.53148704,
7/18/12 23:45,83.53146729,
7/19/12 0:00,82.64953382,
7/19/12 0:15,81.899519,
7/19/12 0:30,81.14950419,
7/19/12 0:45,80.39948937,
7/19/12 1:00,80,
7/19/12 1:15,80,
7/19/12 1:30,80,
7/19/12 1:45,80,
7/19/12 2:00,79.88314767,
7/19/12 2:15,79.63316248,
7/19/12 2:30,79.38317729,
7/19/12 2:45,79.13319211,
7/19/12 3:00,78.77003003,
7/19/12 3:15,78.27002015,
7/19/12 3:30,77.77001027,
7/19/12 3:45,77.2700004,
7/19/12 4:00,77,
7/19/12 4:15,77,
7/19/12 4:30,77,
7/19/12 4:45,77,
7/19/12 5:00,76.88434339,
7/19/12 5:15,76.63433846,
7/19/12 5:30,76.38433352,
7/19/12 5:45,76.13432858,
7/19/12 6:00,75.76266098,
7/19/12 6:15,75.26269061,
7/19/12 6:30,74.76272023,
7/19/12 6:45,74.26274986,
7/19/12 7:00,73.88809656,
7/19/12 7:15,73.63809162,
7/19/12 7:30,73.38808668,
7/19/12 7:45,73.13808174,
7/19/12 8:00,73.23269595,
7/19/12 8:15,73.73270583,
7/19/12 8:30,74.23271571,
7/19/12 8:45,74.73272558,
7/19/12 9:00,74.65279314,
7/19/12 9:15,73.90277833,
7/19/12 9:30,73.15276351,
7/19/12 9:45,72.4027487,
7/19/12 10:00,72,
7/19/12 10:15,72,
7/19/12 10:30,72,
7/19/12 10:45,72,
7/19/12 11:00,72.2340787,
7/19/12 11:15,72.73408857,
7/19/12 11:30,73.23409845,
7/19/12 11:45,73.73410833,
7/19/12 12:00,74.34738464,
7/19/12 12:15,75.09739945,
7/19/12 12:30,75.84741427,
7/19/12 12:45,76.59742909,
7/19/12 13:00,77.46957965,
7/19/12 13:15,78.4695994,
7/19/12 13:30,79.46961915,
7/19/12 13:45,80.46963891,
7/19/12 14:00,81.46827842,
7/19/12 14:15,82.46821917,
7/19/12 14:30,83.46815991,
7/19/12 14:45,84.46810066,
7/19/12 15:00,85.23550095,
7/19/12 15:15,85.73551082,
7/19/12 15:30,86.2355207,
7/19/12 15:45,86.73553058,
7/19/12 16:00,87.3488859,
7/19/12 16:15,88.09890072,
7/19/12 16:30,88.84891553,
7/19/12 16:45,89.59893035,
7/19/12 17:00,90.23684418,
7/19/12 17:15,90.73685406,
7/19/12 17:30,91.23686394,
7/19/12 17:45,91.73687381,
7/19/12 18:00,92.22959627,
7/19/12 18:15,92.72956664,
7/19/12 18:30,93.22953702,
7/19/12 18:45,93.72950739,
7/19/12 19:00,94,
7/19/12 19:15,94,
7/19/12 19:30,94,
7/19/12 19:45,94,
7/19/12 20:00,94.11595291,
7/19/12 20:15,94.36595785,
7/19/12 20:30,94.61596278,
7/19/12 20:45,94.86596772,
7/19/12 21:00,94.89161267,
7/19/12 21:15,94.64160774,
7/19/12 21:30,94.3916028,
7/19/12 21:45,94.14159786,
7/19/12 22:00,93.88417476,
7/19/12 22:15,93.63418958,
7/19/12 22:30,93.38420439,
7/19/12 22:45,93.13421921,
7/19/12 23:00,92.89157317,
7/19/12 23:15,92.64156823,
7/19/12 23:30,92.39156329,
7/19/12 23:45,92.14155835,
7/20/12 0:00,91.65443268,
7/20/12 0:15,90.90441786,
7/20/12 0:30,90.15440305,
7/20/12 0:45,89.40438823,
7/20/12 1:00,88.88900521,
7/20/12 1:15,88.63900028,
7/20/12 1:30,88.38899534,
7/20/12 1:45,88.1389904,
7/20/12 2:00,88,
7/20/12 2:15,88,
7/20/12 2:30,88,
7/20/12 2:45,88,
7/20/12 3:00,84.90535802,
7/20/12 3:15,78.28760919,
7/20/12 3:30,73,
7/20/12 3:45,72,
7/20/12 4:00,72.51848592,
7/20/12 4:15,73,
7/20/12 4:30,73,
7/20/12 4:45,73,
7/20/12 5:00,73,
7/20/12 5:15,73,
7/20/12 5:30,73,
7/20/12 5:45,70.55888889,
7/20/12 6:00,70,
7/20/12 6:15,71.14404586,
7/20/12 6:30,72,
7/20/12 6:45,72,
7/20/12 7:00,70,
7/20/12 7:15,70.02781057,
7/20/12 7:30,70.41244506,
7/20/12 7:45,70.79707955,
7/20/12 8:00,72,
7/20/12 8:15,71.71678006,
7/20/12 8:30,71.43375,
7/20/12 8:45,71.15071994,
7/20/12 9:00,71,
7/20/12 9:15,71,
7/20/12 9:30,71,
7/20/12 9:45,71,
7/20/12 10:00,71,
7/20/12 10:15,71,
7/20/12 10:30,71,
7/20/12 10:45,71,
7/20/12 11:00,71.11877765,
7/20/12 11:15,71.36878259,
7/20/12 11:30,71.61878753,
7/20/12 11:45,71.86879247,
7/20/12 12:00,72.11879741,
7/20/12 12:15,72.36880235,
7/20/12 12:30,72.61880729,
7/20/12 12:45,72.86881222,
7/20/12 13:00,73.2363701,
7/20/12 13:15,73.73637998,
7/20/12 13:30,74.23638985,
7/20/12 13:45,74.73639973,
7/20/12 14:00,75.35182113,
7/20/12 14:15,76.10177668,
7/20/12 14:30,76.85173224,
7/20/12 14:45,77.6016878,
7/20/12 15:00,78.46784134,
7/20/12 15:15,79.46786109,
7/20/12 15:30,80.46788085,
7/20/12 15:45,81.4679006,
7/20/12 16:00,82.23016751,
7/20/12 16:15,82.73017739,
7/20/12 16:30,83.23018726,
7/20/12 16:45,83.73019714,
7/20/12 17:00,84.11763195,
7/20/12 17:15,84.36763689,
7/20/12 17:30,84.61764183,
7/20/12 17:45,84.86764677,
7/20/12 18:00,85.23236154,
7/20/12 18:15,85.73233191,
7/20/12 18:30,86.23230228,
7/20/12 18:45,86.73227266,
7/20/12 19:00,87.23913559,
7/20/12 19:15,87.73914546,
7/20/12 19:30,88.23915534,
7/20/12 19:45,88.73916522,
7/20/12 20:00,89.12021966,
7/20/12 20:15,89.3702246,
7/20/12 20:30,89.62022954,
7/20/12 20:45,89.87023447,
7/20/12 21:00,89.76710651,
7/20/12 21:15,89.26709663,
7/20/12 21:30,88.76708676,
7/20/12 21:45,88.26707688,
7/20/12 22:00,88,
7/20/12 22:15,88,
7/20/12 22:30,88,
7/20/12 22:45,88,
7/20/12 23:00,87.65433391,
7/20/12 23:15,86.9043191,
7/20/12 23:30,86.15430428,
7/20/12 23:45,85.40428947,
7/21/12 0:00,84.76825221,
7/21/12 0:15,84.26824234,
7/21/12 0:30,83.76823246,
7/21/12 0:45,83.26822258,
7/21/12 1:00,82.89105958,
7/21/12 1:15,82.64105464,
7/21/12 1:30,82.3910497,
7/21/12 1:45,82.14104476,
7/21/12 2:00,82,
7/21/12 2:15,82,
7/21/12 2:30,80.75040159,
7/21/12 2:45,77.64733049,
7/21/12 3:00,75.79075418,
7/21/12 3:15,75.34957093,
7/21/12 3:30,75.22007783,
7/21/12 3:45,76.37371161,
7/21/12 4:00,77,
7/21/12 4:15,77,
7/21/12 4:30,77,
7/21/12 4:45,77,
7/21/12 5:00,76.88845212,
7/21/12 5:15,76.63844718,
7/21/12 5:30,76.38844224,
7/21/12 5:45,76.1384373,
7/21/12 6:00,75.8824366,
7/21/12 6:15,75.63245141,
7/21/12 6:30,75.38246622,
7/21/12 6:45,75.13248104,
7/21/12 7:00,75,
7/21/12 7:15,75,
7/21/12 7:30,75,
7/21/12 7:45,75,
7/21/12 8:00,74.88460019,
7/21/12 8:15,74.63459525,
7/21/12 8:30,74.38459031,
7/21/12 8:45,74.13458537,
7/21/12 9:00,73.78503322,
7/21/12 9:15,73.34384996,
7/21/12 9:30,73.11456142,
7/21/12 9:45,73.69137831,
7/21/12 10:00,74,
7/21/12 10:15,74,
7/21/12 10:30,74,
7/21/12 10:45,74,
7/21/12 11:00,73.87622601,
7/21/12 11:15,73.61761489,
7/21/12 11:30,73.35900376,
7/21/12 11:45,73.10039264,
7/21/12 12:00,74.11674305,
7/21/12 12:15,74.36674799,
7/21/12 12:30,74.61675292,
7/21/12 12:45,74.86675786,
7/21/12 13:00,75.1167628,
7/21/12 13:15,75.36676774,
7/21/12 13:30,75.61677268,
7/21/12 13:45,75.86677762,
7/21/12 14:00,76.11582524,
7/21/12 14:15,76.36581042,
7/21/12 14:30,76.61579561,
7/21/12 14:45,76.86578079,
7/21/12 15:00,77.24213664,
7/21/12 15:15,77.75935888,
7/21/12 15:30,78.27658113,
7/21/12 15:45,78.79380337,
7/21/12 16:00,78,
7/21/12 16:15,78,
7/21/12 16:30,78,
7/21/12 16:45,78,
7/21/12 17:00,78.49444444,
7/21/12 17:15,79.4061398,
7/21/12 17:30,80.42890464,
7/21/12 17:45,81.45166948,
7/21/12 18:00,82.32392308,
7/21/12 18:15,83.02163942,
7/21/12 18:30,83.71935577,
7/21/12 18:45,84.99154158,
7/21/12 19:00,86.11814554,
7/21/12 19:15,86.36815048,
7/21/12 19:30,86.61815542,
7/21/12 19:45,86.86816036,
7/21/12 20:00,87,
7/21/12 20:15,87,
7/21/12 20:30,87,
7/21/12 20:45,87,
7/21/12 21:00,87,
7/21/12 21:15,87,
7/21/12 21:30,87,
7/21/12 21:45,87,
7/21/12 22:00,87.10879355,
7/21/12 22:15,87.35877874,
7/21/12 22:30,87.60876393,
7/21/12 22:45,87.85874911,
7/21/12 23:00,87.65291166,
7/21/12 23:15,86.90289685,
7/21/12 23:30,86.15288203,
7/21/12 23:45,85.40286722,
7/22/12 0:00,84.76730405,
7/22/12 0:15,84.26729417,
7/22/12 0:30,83.76728429,
7/22/12 0:45,83.26727442,
7/22/12 1:00,82.76726454,
7/22/12 1:15,82.26725466,
7/22/12 1:30,81.76724479,
7/22/12 1:45,81.26723491,
7/22/12 2:00,80.88291064,
7/22/12 2:15,80.63292546,
7/22/12 2:30,80.38294027,
7/22/12 2:45,80.13295508,
7/22/12 3:00,79.88422487,
7/22/12 3:15,79.63421994,
7/22/12 3:30,79.384215,
7/22/12 3:45,79.13421006,
7/22/12 4:00,78.87914823,
7/22/12 4:15,78.62914329,
7/22/12 4:30,78.37913835,
7/22/12 4:45,78.12913342,
7/22/12 5:00,77.88924226,
7/22/12 5:15,77.63923732,
7/22/12 5:30,77.38923238,
7/22/12 5:45,77.13922744,
7/22/12 6:00,76.88314767,
7/22/12 6:15,76.63316248,
7/22/12 6:30,76.38317729,
7/22/12 6:45,76.13319211,
7/22/12 7:00,75.77334861,
7/22/12 7:15,75.27333873,
7/22/12 7:30,74.77332886,
7/22/12 7:45,74.27331898,
7/22/12 8:00,74.1325443,
7/22/12 8:15,74.41557437,
7/22/12 8:30,74.69860443,
7/22/12 8:45,74.98163449,
7/22/12 9:00,74.88537058,
7/22/12 9:15,74.63536564,
7/22/12 9:30,74.3853607,
7/22/12 9:45,74.13535576,
7/22/12 10:00,74,
7/22/12 10:15,74,
7/22/12 10:30,74,
7/22/12 10:45,74,
7/22/12 11:00,74.23439475,
7/22/12 11:15,74.73440463,
7/22/12 11:30,75.23441451,
7/22/12 11:45,75.73442438,
7/22/12 12:00,76.46381163,
7/22/12 12:15,77.46383138,
7/22/12 12:30,78.46385114,
7/22/12 12:45,79.46387089,
7/22/12 13:00,80.23194532,
7/22/12 13:15,80.7319552,
7/22/12 13:30,81.23196508,
7/22/12 13:45,81.73197495,
7/22/12 14:00,82.34779174,
7/22/12 14:15,83.09774729,
7/22/12 14:30,83.84770285,
7/22/12 14:45,84.59765841,
7/22/12 15:00,85.12233328,
7/22/12 15:15,85.37233822,
7/22/12 15:30,85.62234316,
7/22/12 15:45,85.8723481,
7/22/12 16:00,86.34177465,
7/22/12 16:15,87.09178947,
7/22/12 16:30,87.84180428,
7/22/12 16:45,88.5918191,
7/22/12 17:00,89,
7/22/12 17:15,89,
7/22/12 17:30,89,
7/22/12 17:45,89,
7/22/12 18:00,88.5350399,
7/22/12 18:15,87.53509915,
7/22/12 18:30,86.53515841,
7/22/12 18:45,85.53521767,
7/22/12 19:00,84.76402497,
7/22/12 19:15,84.26401509,
7/22/12 19:30,83.76400521,
7/22/12 19:45,83.26399534,
7/22/12 20:00,83.12369627,
7/22/12 20:15,83.37370121,
7/22/12 20:30,83.62370615,
7/22/12 20:45,83.87371109,
7/22/12 21:00,84.35092051,
7/22/12 21:15,85.10093533,
7/22/12 21:30,85.85095014,
7/22/12 21:45,86.60096496,
7/22/12 22:00,86.8845698,
7/22/12 22:15,86.63458462,
7/22/12 22:30,86.38459943,
7/22/12 22:45,86.13461425,
7/22/12 23:00,85.89141514,
7/22/12 23:15,85.6414102,
7/22/12 23:30,85.39140526,
7/22/12 23:45,85.14140032,
7/23/12 0:00,84.76635588,
7/23/12 0:15,84.266346,
7/23/12 0:30,83.76633613,
7/23/12 0:45,83.26632625,
7/23/12 1:00,82.76631637,
7/23/12 1:15,82.26630649,
7/23/12 1:30,81.76629662,
7/23/12 1:45,81.26628674,
7/23/12 2:00,80.77000869,
7/23/12 2:15,80.27003832,
7/23/12 2:30,79.77006795,
7/23/12 2:45,79.27009757,
7/23/12 3:00,78.76623736,
7/23/12 3:15,78.26622748,
7/23/12 3:30,77.7662176,
7/23/12 3:45,77.26620773,
7/23/12 4:00,77,
7/23/12 4:15,77,
7/23/12 4:30,77,
7/23/12 4:45,77,
7/23/12 5:00,76.88244706,
7/23/12 5:15,76.63244212,
7/23/12 5:30,76.38243718,
7/23/12 5:45,76.13243225,
7/23/12 6:00,76,
7/23/12 6:15,76,
7/23/12 6:30,76,
7/23/12 6:45,76,
7/23/12 7:00,75.88367178,
7/23/12 7:15,75.63366684,
7/23/12 7:30,75.3836619,
7/23/12 7:45,75.13365696,
7/23/12 8:00,74.88365202,
7/23/12 8:15,74.63364708,
7/23/12 8:30,74.38364215,
7/23/12 8:45,74.13363721,
7/23/12 9:00,74.11636773,
7/23/12 9:15,74.36637267,
7/23/12 9:30,74.61637761,
7/23/12 9:45,74.86638255,
7/23/12 10:00,74.88528087,
7/23/12 10:15,74.63529569,
7/23/12 10:30,74.3853105,
7/23/12 10:45,74.13532531,
7/23/12 11:00,74.35175016,
7/23/12 11:15,75.10176497,
7/23/12 11:30,75.85177979,
7/23/12 11:45,76.6017946,
7/23/12 12:00,77.46697219,
7/23/12 12:15,78.46699194,
7/23/12 12:30,79.46701169,
7/23/12 12:45,80.46703145,
7/23/12 13:00,81.4670512,
7/23/12 13:15,82.46707095,
7/23/12 13:30,83.46709071,
7/23/12 13:45,84.46711046,
7/23/12 14:00,85.2350478,
7/23/12 14:15,85.73501817,
7/23/12 14:30,86.23498854,
7/23/12 14:45,86.73495892,
7/23/12 15:00,87.24182206,
7/23/12 15:15,87.74183194,
7/23/12 15:30,88.24184181,
7/23/12 15:45,88.74185169,
7/23/12 16:00,89.11650601,
7/23/12 16:15,89.36651094,
7/23/12 16:30,89.61651588,
7/23/12 16:45,89.86652082,
7/23/12 17:00,90.11652576,
7/23/12 17:15,90.3665307,
7/23/12 17:30,90.61653564,
7/23/12 17:45,90.86654057,
7/23/12 18:00,91.10934661,
7/23/12 18:15,91.35933179,
7/23/12 18:30,91.60931698,
7/23/12 18:45,91.85930216,
7/23/12 19:00,92.11656527,
7/23/12 19:15,92.3665702,
7/23/12 19:30,92.61657514,
7/23/12 19:45,92.86658008,
7/23/12 20:00,92.76556574,
7/23/12 20:15,92.26555586,
7/23/12 20:30,91.76554599,
7/23/12 20:45,91.26553611,
7/23/12 21:00,91.2420591,
7/23/12 21:15,91.74206898,
7/23/12 21:30,92.24207886,
7/23/12 21:45,92.74208873,
7/23/12 22:00,92.77332701,
7/23/12 22:15,92.27335664,
7/23/12 22:30,91.77338627,
7/23/12 22:45,91.2734159,
7/23/12 23:00,90.77050411,
7/23/12 23:15,90.27049423,
7/23/12 23:30,89.77048436,
7/23/12 23:45,89.27047448,
7/24/12 0:00,88.7704646,
7/24/12 0:15,88.27045473,
7/24/12 0:30,87.77044485,
7/24/12 0:45,87.27043497,
7/24/12 1:00,86.77042509,
7/24/12 1:15,86.27041522,
7/24/12 1:30,85.77040534,
7/24/12 1:45,85.27039546,
7/24/12 2:00,84.87659003,
7/24/12 2:15,84.62660484,
7/24/12 2:30,84.37661966,
7/24/12 2:45,84.12663447,
7/24/12 3:00,83.7716103,
7/24/12 3:15,83.27160043,
7/24/12 3:30,82.77159055,
7/24/12 3:45,82.27158067,
7/24/12 4:00,82,
7/24/12 4:15,82,
7/24/12 4:30,82,
7/24/12 4:45,82,
7/24/12 5:00,81.88829409,
7/24/12 5:15,81.63828915,
7/24/12 5:30,81.38828421,
7/24/12 5:45,81.13827927,
7/24/12 6:00,80.88188354,
7/24/12 6:15,80.63189836,
7/24/12 6:30,80.38191317,
7/24/12 6:45,80.13192798,
7/24/12 7:00,79.88825458,
7/24/12 7:15,79.63824964,
7/24/12 7:30,79.38824471,
7/24/12 7:45,79.13823977,
7/24/12 8:00,78.7676201,
7/24/12 8:15,78.26761022,
7/24/12 8:30,77.76760035,
7/24/12 8:45,77.26759047,
7/24/12 9:00,77.24000474,
7/24/12 9:15,77.74001462,
7/24/12 9:30,78.24002449,
7/24/12 9:45,78.74003437,
7/24/12 10:00,78.76637434,
7/24/12 10:15,78.26640397,
7/24/12 10:30,77.76643359,
7/24/12 10:45,77.26646322,
7/24/12 11:00,77.35190819,
7/24/12 11:15,78.101923,
7/24/12 11:30,78.85193782,
7/24/12 11:45,79.60195263,
7/24/12 12:00,80.34691056,
7/24/12 12:15,81.09692537,
7/24/12 12:30,81.84694019,
7/24/12 12:45,82.596955,
7/24/12 13:00,83.35202671,
7/24/12 13:15,84.10204152,
7/24/12 13:30,84.85205634,
7/24/12 13:45,85.60207115,
7/24/12 14:00,86.23718101,
7/24/12 14:15,86.73715138,
7/24/12 14:30,87.23712175,
7/24/12 14:45,87.73709212,
7/24/12 15:00,88.12707412,
7/24/12 15:15,88.37707905,
7/24/12 15:30,88.62708399,
7/24/12 15:45,88.87708893,
7/24/12 16:00,89.34841182,
7/24/12 16:15,90.09842664,
7/24/12 16:30,90.84844145,
7/24/12 16:45,91.59845627,
7/24/12 17:00,91.89058549,
7/24/12 17:15,91.64058055,
7/24/12 17:30,91.39057562,
7/24/12 17:45,91.14057068,
7/24/12 18:00,91.11993363,
7/24/12 18:15,91.36991882,
7/24/12 18:30,91.61990401,
7/24/12 18:45,91.86988919,
7/24/12 19:00,92.11703935,
7/24/12 19:15,92.36704429,
7/24/12 19:30,92.61704923,
7/24/12 19:45,92.86705416,
7/24/12 20:00,93,
7/24/12 20:15,93,
7/24/12 20:30,93,
7/24/12 20:45,93,
7/24/12 21:00,92.88671381,
7/24/12 21:15,92.63670887,
7/24/12 21:30,92.38670393,
7/24/12 21:45,92.136699,
7/24/12 22:00,92,
7/24/12 22:15,92,
7/24/12 22:30,92,
7/24/12 22:45,92,
7/24/12 23:00,91.88793853,
7/24/12 23:15,91.63793359,
7/24/12 23:30,91.38792865,
7/24/12 23:45,91.13792371,
7/25/12 0:00,90.64605721,
7/25/12 0:15,89.89604239,
7/25/12 0:30,89.14602758,
7/25/12 0:45,88.39601276,
7/25/12 1:00,87.77074115,
7/25/12 1:15,87.27073127,
7/25/12 1:30,86.7707214,
7/25/12 1:45,86.27071152,
7/25/12 2:00,85.8773011,
7/25/12 2:15,85.62731591,
7/25/12 2:30,85.37733073,
7/25/12 2:45,85.12734554,
7/25/12 3:00,84.77192636,
7/25/12 3:15,84.27191648,
7/25/12 3:30,83.77190661,
7/25/12 3:45,83.27189673,
7/25/12 4:00,83,
7/25/12 4:15,83,
7/25/12 4:30,83,
7/25/12 4:45,83,
7/25/12 5:00,83,
7/25/12 5:15,83,
7/25/12 5:30,83,
7/25/12 5:45,83,
7/25/12 6:00,82.87872324,
7/25/12 6:15,82.62873805,
7/25/12 6:30,82.37875286,
7/25/12 6:45,82.12876768,
7/25/12 7:00,81.76797566,
7/25/12 7:15,81.26796579,
7/25/12 7:30,80.76795591,
7/25/12 7:45,80.26794603,
7/25/12 8:00,80.11603192,
7/25/12 8:15,80.36603686,
7/25/12 8:30,80.6160418,
7/25/12 8:45,80.86604674,
7/25/12 9:00,80.88647677,
7/25/12 9:15,80.63647183,
7/25/12 9:30,80.38646689,
7/25/12 9:45,80.13646195,
7/25/12 10:00,80,
7/25/12 10:15,80,
7/25/12 10:30,80,
7/25/12 10:45,80,
7/25/12 11:00,80.1173554,
7/25/12 11:15,80.36736034,
7/25/12 11:30,80.61736528,
7/25/12 11:45,80.86737022,
7/25/12 12:00,81.23348609,
7/25/12 12:15,81.73349597,
7/25/12 12:30,82.23350585,
7/25/12 12:45,82.73351572,
7/25/12 13:00,83.35344896,
7/25/12 13:15,84.10346377,
7/25/12 13:30,84.85347859,
7/25/12 13:45,85.6034934,
7/25/12 14:00,86.35679861,
7/25/12 14:15,87.10675417,
7/25/12 14:30,87.85670973,
7/25/12 14:45,88.60666528,
7/25/12 15:00,89.11869864,
7/25/12 15:15,89.36870358,
7/25/12 15:30,89.61870852,
7/25/12 15:45,89.86871346,
7/25/12 16:00,90.23490834,
7/25/12 16:15,90.73491822,
7/25/12 16:30,91.2349281,
7/25/12 16:45,91.73493797,
7/25/12 17:00,92.23494785,
7/25/12 17:15,92.73495773,
7/25/12 17:30,93.2349676,
7/25/12 17:45,93.73497748,
7/25/12 18:00,94.11385004,
7/25/12 18:15,94.36383523,
7/25/12 18:30,94.61382042,
7/25/12 18:45,94.8638056,
7/25/12 19:00,95,
7/25/12 19:15,95,
7/25/12 19:30,95,
7/25/12 19:45,95,
7/25/12 20:00,94.87740992,
7/25/12 20:15,94.62740499,
7/25/12 20:30,94.37740005,
7/25/12 20:45,94.12739511,
7/25/12 21:00,94,
7/25/12 21:15,94,
7/25/12 21:30,94,
7/25/12 21:45,94,
7/25/12 22:00,93.88133049,
7/25/12 22:15,93.6313453,
7/25/12 22:30,93.38136012,
7/25/12 22:45,93.13137493,
7/25/12 23:00,92.77113622,
7/25/12 23:15,92.27112634,
7/25/12 23:30,91.77111647,
7/25/12 23:45,91.27110659,
7/26/12 0:00,90.65474874,
7/26/12 0:15,89.90473392,
7/26/12 0:30,89.15471911,
7/26/12 0:45,88.40470429,
7/26/12 1:00,87.88489649,
7/26/12 1:15,87.63489155,
7/26/12 1:30,87.38488662,
7/26/12 1:45,87.13488168,
7/26/12 2:00,86.87801217,
7/26/12 2:15,86.62802698,
7/26/12 2:30,86.3780418,
7/26/12 2:45,86.12805661,
7/26/12 3:00,85.77224241,
7/26/12 3:15,85.27223254,
7/26/12 3:30,84.77222266,
7/26/12 3:45,84.27221278,
7/26/12 4:00,83.88357301,
7/26/12 4:15,83.63356807,
7/26/12 4:30,83.38356313,
7/26/12 4:45,83.13355819,
7/26/12 5:00,82.88355326,
7/26/12 5:15,82.63354832,
7/26/12 5:30,82.38354338,
7/26/12 5:45,82.13353844,
7/26/12 6:00,81.88212057,
7/26/12 6:15,81.63213538,
7/26/12 6:30,81.38215019,
7/26/12 6:45,81.13216501,
7/26/12 7:00,81,
7/26/12 7:15,81,
7/26/12 7:30,81,
7/26/12 7:45,81,
7/26/12 8:00,80.88475822,
7/26/12 8:15,80.63475328,
7/26/12 8:30,80.38474834,
7/26/12 8:45,80.1347434,
7/26/12 9:00,79.88473846,
7/26/12 9:15,79.63473353,
7/26/12 9:30,79.38472859,
7/26/12 9:45,79.13472365,
7/26/12 10:00,79,
7/26/12 10:15,79,
7/26/12 10:30,79,
7/26/12 10:45,79,
7/26/12 11:00,79.12162216,
7/26/12 11:15,79.37162709,
7/26/12 11:30,79.62163203,
7/26/12 11:45,79.87163697,
7/26/12 12:00,80.34975506,
7/26/12 12:15,81.09976987,
7/26/12 12:30,81.84978469,
7/26/12 12:45,82.5997995,
7/26/12 13:00,83.35487121,
7/26/12 13:15,84.10488602,
7/26/12 13:30,84.85490084,
7/26/12 13:45,85.60491565,
7/26/12 14:00,86.22896421,
7/26/12 14:15,86.72893458,
7/26/12 14:30,87.22890495,
7/26/12 14:45,87.72887533,
7/26/12 15:00,88.235817,
7/26/12 15:15,88.73582688,
7/26/12 15:30,89.23583676,
7/26/12 15:45,89.73584663,
7/26/12 16:00,90.1090787,
7/26/12 16:15,90.35908364,
7/26/12 16:30,90.60908857,
7/26/12 16:45,90.85909351,
7/26/12 17:00,91.2346318,
7/26/12 17:15,91.73464167,
7/26/12 17:30,92.23465155,
7/26/12 17:45,92.73466143,
7/26/12 18:00,93.22730505,
7/26/12 18:15,93.72727542,
7/26/12 18:30,94.22724579,
7/26/12 18:45,94.72721616,
7/26/12 19:00,95,
7/26/12 19:15,95,
7/26/12 19:30,95,
7/26/12 19:45,95,
7/26/12 20:00,95,
7/26/12 20:15,95,
7/26/12 20:30,95,
7/26/12 20:45,95,
7/26/12 21:00,94.88829409,
7/26/12 21:15,94.63828915,
7/26/12 21:30,94.38828421,
7/26/12 21:45,94.13827927,
7/26/12 22:00,94,
7/26/12 22:15,94,
7/26/12 22:30,94,
7/26/12 22:45,94,
7/26/12 23:00,93.65338575,
7/26/12 23:15,92.90337093,
7/26/12 23:30,92.15335612,
7/26/12 23:45,91.4033413,
7/27/12 0:00,90.77014855,
7/27/12 0:15,90.27013867,
7/27/12 0:30,89.77012879,
7/27/12 0:45,89.27011892,
7/27/12 1:00,88.88568663,
7/27/12 1:15,88.63568169,
7/27/12 1:30,88.38567675,
7/27/12 1:45,88.13567182,
7/27/12 2:00,87.87872324,
7/27/12 2:15,87.62873805,
7/27/12 2:30,87.37875286,
7/27/12 2:45,87.12876768,
7/27/12 3:00,86.88564712,
7/27/12 3:15,86.63564219,
7/27/12 3:30,86.38563725,
7/27/12 3:45,86.13563231,
7/27/12 4:00,84.67132941,
7/27/12 4:15,81.78724495,
7/27/12 4:30,80.67154059,
7/27/12 4:45,80.23046587,
7/27/12 5:00,79.76868679,
7/27/12 5:15,79.26867691,
7/27/12 5:30,78.76866704,
7/27/12 5:45,78.26865716,
7/27/12 6:00,77.88196255,
7/27/12 6:15,77.63197736,
7/27/12 6:30,77.38199218,
7/27/12 6:45,77.13200699,
7/27/12 7:00,76.76481511,
7/27/12 7:15,76.26480523,
7/27/12 7:30,75.76479535,
7/27/12 7:45,75.26478548,
7/27/12 8:00,74.88175569,
7/27/12 8:15,74.63175075,
7/27/12 8:30,74.38174581,
7/27/12 8:45,74.13174087,
7/27/12 9:00,73.88679283,
7/27/12 9:15,73.63678789,
7/27/12 9:30,73.38678295,
7/27/12 9:45,73.13677801,
7/27/12 10:00,73,
7/27/12 10:15,73,
7/27/12 10:30,73,
7/27/12 10:45,73,
7/27/12 11:00,73.23787137,
7/27/12 11:15,73.73788124,
7/27/12 11:30,74.23789112,
7/27/12 11:45,74.737901,
7/27/12 12:00,75.23285398,
7/27/12 12:15,75.73286386,
7/27/12 12:30,76.23287374,
7/27/12 12:45,76.73288361,
7/27/12 13:00,77.11707886,
7/27/12 13:15,77.36708379,
7/27/12 13:30,77.61708873,
7/27/12 13:45,77.86709367,
7/27/12 14:00,78.46472308,
7/27/12 14:15,79.46466382,
7/27/12 14:30,80.46460457,
7/27/12 14:45,81.46454531,
7/27/12 15:00,82.34756242,
7/27/12 15:15,83.09757724,
7/27/12 15:30,83.84759205,
7/27/12 15:45,84.59760687,
7/27/12 16:00,85.23048357,
7/27/12 16:15,85.73049344,
7/27/12 16:30,86.23050332,
7/27/12 16:45,86.7305132,
7/27/12 17:00,87.3565305,
7/27/12 17:15,88.10654531,
7/27/12 17:30,88.85656013,
7/27/12 17:45,89.60657494,
7/27/12 18:00,90.12017066,
7/27/12 18:15,90.37015584,
7/27/12 18:30,90.62014103,
7/27/12 18:45,90.87012621,
7/27/12 19:00,91.35412058,
7/27/12 19:15,92.10413539,
7/27/12 19:30,92.85415021,
7/27/12 19:45,93.60416502,
7/27/12 20:00,93.65087705,
7/27/12 20:15,92.90086224,
7/27/12 20:30,92.15084742,
7/27/12 20:45,91.40083261,
7/27/12 21:00,91.23573799,
7/27/12 21:15,91.73574787,
7/27/12 21:30,92.23575774,
7/27/12 21:45,92.73576762,
7/27/12 22:00,92.88931026,
7/27/12 22:15,92.63932508,
7/27/12 22:30,92.38933989,
7/27/12 22:45,92.1393547,
7/27/12 23:00,91.64943505,
7/27/12 23:15,90.89942024,
7/27/12 23:30,90.14940542,
7/27/12 23:45,89.39939061,
7/28/12 0:00,88.64937579,
7/28/12 0:15,87.89936098,
7/28/12 0:30,87.14934616,
7/28/12 0:45,86.39933134,
7/28/12 1:00,85.7653682,
7/28/12 1:15,85.26535833,
7/28/12 1:30,84.76534845,
7/28/12 1:45,84.26533857,
7/28/12 2:00,83.76882358,
7/28/12 2:15,83.2688532,
7/28/12 2:30,82.76888283,
7/28/12 2:45,82.26891246,
7/28/12 3:00,81.88390882,
7/28/12 3:15,81.63390388,
7/28/12 3:30,81.38389894,
7/28/12 3:45,81.133894,
7/28/12 4:00,80.88388906,
7/28/12 4:15,80.63388413,
7/28/12 4:30,80.38387919,
7/28/12 4:45,80.13387425,
7/28/12 5:00,79.88386931,
7/28/12 5:15,79.63386437,
7/28/12 5:30,79.38385943,
7/28/12 5:45,79.1338545,
7/28/12 6:00,78.88267362,
7/28/12 6:15,78.63268843,
7/28/12 6:30,78.38270325,
7/28/12 6:45,78.13271806,
7/28/12 7:00,77.88888669,
7/28/12 7:15,77.63888176,
7/28/12 7:30,77.38887682,
7/28/12 7:45,77.13887188,
7/28/12 8:00,76.88381005,
7/28/12 8:15,76.63380511,
7/28/12 8:30,76.38380017,
7/28/12 8:45,76.13379524,
7/28/12 9:00,76,
7/28/12 9:15,76,
7/28/12 9:30,76,
7/28/12 9:45,76,
7/28/12 10:00,75.88409576,
7/28/12 10:15,75.63411057,
7/28/12 10:30,75.38412539,
7/28/12 10:45,75.1341402,
7/28/12 11:00,75.23629109,
7/28/12 11:15,75.73630096,
7/28/12 11:30,76.23631084,
7/28/12 11:45,76.73632072,
7/28/12 12:00,77.35386378,
7/28/12 12:15,78.1038786,
7/28/12 12:30,78.85389341,
7/28/12 12:45,79.60390823,
7/28/12 13:00,80.35392304,
7/28/12 13:15,81.10393786,
7/28/12 13:30,81.85395267,
7/28/12 13:45,82.60396749,
7/28/12 14:00,83.3473967,
7/28/12 14:15,84.09735226,
7/28/12 14:30,84.84730781,
7/28/12 14:45,85.59726337,
7/28/12 15:00,86.23518489,
7/28/12 15:15,86.73519477,
7/28/12 15:30,87.23520465,
7/28/12 15:45,87.73521452,
7/28/12 16:00,88.22511062,
7/28/12 16:15,88.7251205,
7/28/12 16:30,89.22513037,
7/28/12 16:45,89.72514025,
7/28/12 17:00,90.11889618,
7/28/12 17:15,90.36890111,
7/28/12 17:30,90.61890605,
7/28/12 17:45,90.86891099,
7/28/12 18:00,91,
7/28/12 18:15,91,
7/28/12 18:30,91,
7/28/12 18:45,91,
7/28/12 19:00,91,
7/28/12 19:15,91,
7/28/12 19:30,91,
7/28/12 19:45,91,
7/28/12 20:00,91.11642699,
7/28/12 20:15,91.36643193,
7/28/12 20:30,91.61643687,
7/28/12 20:45,91.86644181,
7/28/12 21:00,91.7721634,
7/28/12 21:15,91.27215352,
7/28/12 21:30,90.77214365,
7/28/12 21:45,90.27213377,
7/28/12 22:00,90,
7/28/12 22:15,90,
7/28/12 22:30,90,
7/28/12 22:45,90,
7/28/12 23:00,89.77461283,
7/28/12 23:15,89.27460296,
7/28/12 23:30,88.77459308,
7/28/12 23:45,88.2745832,
7/29/12 0:00,87.42126264,
7/29/12 0:15,86.17123795,
7/29/12 0:30,84.92121326,
7/29/12 0:45,83.67118857,
7/29/12 1:00,82.88726691,
7/29/12 1:15,82.63726197,
7/29/12 1:30,82.38725703,
7/29/12 1:45,82.13725209,
7/29/12 2:00,81.77056174,
7/29/12 2:15,81.27059137,
7/29/12 2:30,80.770621,
7/29/12 2:45,80.27065063,
7/29/12 3:00,79.77192636,
7/29/12 3:15,79.27191648,
7/29/12 3:30,78.77190661,
7/29/12 3:45,78.27189673,
7/29/12 4:00,77.8846792,
7/29/12 4:15,77.63467427,
7/29/12 4:30,77.38466933,
7/29/12 4:45,77.13466439,
7/29/12 5:00,76.53990202,
7/29/12 5:15,75.53988227,
7/29/12 5:30,74.53986252,
7/29/12 5:45,73.53984276,
7/29/12 6:00,72.88014537,
7/29/12 6:15,72.63016019,
7/29/12 6:30,72.380175,
7/29/12 6:45,72.13018982,
7/29/12 7:00,72,
7/29/12 7:15,72,
7/29/12 7:30,72,
7/29/12 7:45,72,
7/29/12 8:00,72.11792826,
7/29/12 8:15,72.36793319,
7/29/12 8:30,72.61793813,
7/29/12 8:45,72.86794307,
7/29/12 9:00,72.65121286,
7/29/12 9:15,71.90119805,
7/29/12 9:30,71.15118323,
7/29/12 9:45,70.40116842,
7/29/12 10:00,70.1174844,
7/29/12 10:15,70.36746958,
7/29/12 10:30,70.61745477,
7/29/12 10:45,70.86743995,
7/29/12 11:00,71.23723925,
7/29/12 11:15,71.73724913,
7/29/12 11:30,72.23725901,
7/29/12 11:45,72.73726888,
7/29/12 12:00,73.46317952,
7/29/12 12:15,74.46319927,
7/29/12 12:30,75.46321903,
7/29/12 12:45,76.46323878,
7/29/12 13:00,77.35660951,
7/29/12 13:15,78.10662433,
7/29/12 13:30,78.85663914,
7/29/12 13:45,79.60665396,
7/29/12 14:00,80.35031998,
7/29/12 14:15,81.10027554,
7/29/12 14:30,81.8502311,
7/29/12 14:45,82.60018666,
7/29/12 15:00,83.35167114,
7/29/12 15:15,84.10168596,
7/29/12 15:30,84.85170077,
7/29/12 15:45,85.60171559,
7/29/12 16:00,86,
7/29/12 16:15,86,
7/29/12 16:30,86,
7/29/12 16:45,86,
7/29/12 17:00,86.24126896,
7/29/12 17:15,86.74127884,
7/29/12 17:30,87.24128872,
7/29/12 17:45,87.74129859,
7/29/12 18:00,87.77198388,
7/29/12 18:15,87.27201351,
7/29/12 18:30,86.77204314,
7/29/12 18:45,86.27207277,
7/29/12 19:00,86,
7/29/12 19:15,86,
7/29/12 19:30,86,
7/29/12 19:45,86,
7/29/12 20:00,85.77125474,
7/29/12 20:15,85.27124486,
7/29/12 20:30,84.77123499,
7/29/12 20:45,84.27122511,
7/29/12 21:00,83.76110145,
7/29/12 21:15,83.26109158,
7/29/12 21:30,82.7610817,
7/29/12 21:45,82.26107182,
7/29/12 22:00,82.11677333,
7/29/12 22:15,82.36675851,
7/29/12 22:30,82.6167437,
7/29/12 22:45,82.86672889,
7/29/12 23:00,83,
7/29/12 23:15,83,
7/29/12 23:30,83,
7/29/12 23:45,83,
7/30/12 0:00,82.76730405,
7/30/12 0:15,82.26729417,
7/30/12 0:30,81.76728429,
7/30/12 0:45,81.26727442,
7/30/12 1:00,80.53326485,
7/30/12 1:15,79.5332451,
7/30/12 1:30,78.53322535,
7/30/12 1:45,77.53320559,
7/30/12 2:00,77.23172948,
7/30/12 2:15,77.73169985,
7/30/12 2:30,78.23167022,
7/30/12 2:45,78.73164059,
7/30/12 3:00,78.41606748,
7/30/12 3:15,77.16604279,
7/30/12 3:30,75.91601809,
7/30/12 3:45,74.6659934,
7/30/12 4:00,73.88420512,
7/30/12 4:15,73.63420018,
7/30/12 4:30,73.38419524,
7/30/12 4:45,73.1341903,
7/30/12 5:00,72.88924226,
7/30/12 5:15,72.63923732,
7/30/12 5:30,72.38923238,
7/30/12 5:45,72.13922744,
7/30/12 6:00,71.8835427,
7/30/12 6:15,71.63355752,
7/30/12 6:30,71.38357233,
7/30/12 6:45,71.13358715,
7/30/12 7:00,71,
7/30/12 7:15,71,
7/30/12 7:30,71,
7/30/12 7:45,71,
7/30/12 8:00,71,
7/30/12 8:15,71,
7/30/12 8:30,71,
7/30/12 8:45,71,
7/30/12 9:00,70.76947693,
7/30/12 9:15,70.26946705,
7/30/12 9:30,69.76945717,
7/30/12 9:45,69.2694473,
7/30/12 10:00,69,
7/30/12 10:15,69,
7/30/12 10:30,69,
7/30/12 10:45,69,
7/30/12 11:00,69.23565898,
7/30/12 11:15,69.73566885,
7/30/12 11:30,70.23567873,
7/30/12 11:45,70.73568861,
7/30/12 12:00,71.34912295,
7/30/12 12:15,72.09913776,
7/30/12 12:30,72.84915258,
7/30/12 12:45,73.59916739,
7/30/12 13:00,74.46641909,
7/30/12 13:15,75.46643884,
7/30/12 13:30,76.4664586,
7/30/12 13:45,77.46647835,
7/30/12 14:00,78.58133839,
7/30/12 14:15,79.83126432,
7/30/12 14:30,81.08119025,
7/30/12 14:45,82.33111618,
7/30/12 15:00,83.1235975,
7/30/12 15:15,83.37360244,
7/30/12 15:30,83.62360738,
7/30/12 15:45,83.87361232,
7/30/12 16:00,84.35062421,
7/30/12 16:15,85.10063902,
7/30/12 16:30,85.85065384,
7/30/12 16:45,86.60066866,
7/30/12 17:00,87.11605168,
7/30/12 17:15,87.36605661,
7/30/12 17:30,87.61606155,
7/30/12 17:45,87.86606649,
7/30/12 18:00,88.22517184,
7/30/12 18:15,88.72514221,
7/30/12 18:30,89.22511259,
7/30/12 18:45,89.72508296,
7/30/12 19:00,90.23218236,
7/30/12 19:15,90.73219224,
7/30/12 19:30,91.23220212,
7/30/12 19:45,91.73221199,
7/30/12 20:00,91.8914744,
7/30/12 20:15,91.64146946,
7/30/12 20:30,91.39146452,
7/30/12 20:45,91.14145958,
7/30/12 21:00,90.88134087,
7/30/12 21:15,90.63133593,
7/30/12 21:30,90.38133099,
7/30/12 21:45,90.13132605,
7/30/12 22:00,90,
7/30/12 22:15,90,
7/30/12 22:30,90,
7/30/12 22:45,90,
7/30/12 23:00,89.65275363,
7/30/12 23:15,88.90273882,
7/30/12 23:30,88.152724,
7/30/12 23:45,87.40270919,
7/31/12 0:00,86.89013116,
7/31/12 0:15,86.64012622,
7/31/12 0:30,86.39012129,
7/31/12 0:45,86.14011635,
7/31/12 1:00,86,
7/31/12 1:15,86,
7/31/12 1:30,86,
7/31/12 1:45,86,
7/31/12 2:00,85.65212926,
7/31/12 2:15,84.9021737,
7/31/12 2:30,84.15221814,
7/31/12 2:45,83.40226258,
7/31/12 3:00,82.88880768,
7/31/12 3:15,82.63880274,
7/31/12 3:30,82.3887978,
7/31/12 3:45,82.13879287,
7/31/12 4:00,81.88373104,
7/31/12 4:15,81.6337261,
7/31/12 4:30,81.38372116,
7/31/12 4:45,81.13371622,
7/31/12 5:00,81.11881716,
7/31/12 5:15,81.3688221,
7/31/12 5:30,81.61882704,
7/31/12 5:45,81.86883198,
7/31/12 6:00,82.11740539,
7/31/12 6:15,82.36739057,
7/31/12 6:30,82.61737576,
7/31/12 6:45,82.86736095,
7/31/12 7:00,82.77366466,
7/31/12 7:15,82.27365479,
7/31/12 7:30,81.77364491,
7/31/12 7:45,81.27363503,
7/31/12 8:00,80.53081542,
7/31/12 8:15,79.53079567,
7/31/12 8:30,78.53077592,
7/31/12 8:45,77.53075616,
7/31/12 9:00,76.88868916,
7/31/12 9:15,76.63868422,
7/31/12 9:30,76.38867928,
7/31/12 9:45,76.13867434,
7/31/12 10:00,75.87566996,
7/31/12 10:15,75.6029487,
7/31/12 10:30,75.33022743,
7/31/12 10:45,75.05750617,
7/31/12 11:00,76.12019991,
7/31/12 11:15,76.37020484,
7/31/12 11:30,76.62020978,
7/31/12 11:45,76.87021472,
7/31/12 12:00,77.41301673,
7/31/12 12:15,78.29538324,
7/31/12 12:30,79,
7/31/12 12:45,79.80841619,
7/31/12 13:00,80.67029336,
7/31/12 13:15,82.0188102,
7/31/12 13:30,82.40344469,
7/31/12 13:45,82.78807918,
7/31/12 14:00,83.46306392,
7/31/12 14:15,84.46300466,
7/31/12 14:30,85.46294541,
7/31/12 14:45,86.46288615,
7/31/12 15:00,87.1190147,
7/31/12 15:15,87.36901963,
7/31/12 15:30,87.61902457,
7/31/12 15:45,87.86902951,
7/31/12 16:00,88.22795512,
7/31/12 16:15,88.727965,
7/31/12 16:30,89.22797487,
7/31/12 16:45,89.72798475,
7/31/12 17:00,89.88473846,
7/31/12 17:15,89.63473353,
7/31/12 17:30,89.38472859,
7/31/12 17:45,89.13472365,
7/31/12 18:00,89.23741803,
7/31/12 18:15,89.7373884,
7/31/12 18:30,90.23735877,
7/31/12 18:45,90.73732915,
7/31/12 19:00,91.3496958,
7/31/12 19:15,92.09971061,
7/31/12 19:30,92.84972543,
7/31/12 19:45,93.59974024,
7/31/12 20:00,94,
7/31/12 20:15,94,
7/31/12 20:30,94,
7/31/12 20:45,94,
7/31/12 21:00,94,
7/31/12 21:15,94,
7/31/12 21:30,94,
7/31/12 21:45,94,
7/31/12 22:00,93.76692739,
7/31/12 22:15,93.26695702,
7/31/12 22:30,92.76698665,
7/31/12 22:45,92.26701628,
7/31/12 23:00,91.88461994,
7/31/12 23:15,91.634615,
7/31/12 23:30,91.38461007,
7/31/12 23:45,91.13460513,
